person_id,name,job,nationality
P000001,三中俊南,미술가,한국
P000002,丹山徹,미술가,한국
P000003,和山二鳳,미술가,한국
P000004,大山博彦,미술가,한국
P000005,山本義一,미술가,한국
P000006,木下烈男,미술가,한국
P000007,木戶降慶,미술가,한국
P000008,木都東根,미술가,한국
P000009,東川尙平,미술가,한국
P000010,松川在曄,미술가,한국
P000011,洪川義也,미술가,한국
P000012,白川截興,미술가,한국
P000013,竹林( )曄,미술가,한국
P000014,菊原穗,미술가,한국
P000015,豊川錫宰,미술가,한국
P000016,金子永一郎,미술가,한국
P000017,金山俊三,미술가,한국
P000018,金谷振勳,미술가,한국
P000019,香林義明,미술가,한국
P000020,高山靖英,미술가,한국
P000021,가,문인,한국
P000022,가가승,문인,한국
P000023,가금동,문인,한국
P000024,가나리야,문인,한국
P000025,가락인,문인,한국
P000026,가목사,문인,한국
P000027,가무라 이소타,문인,일본
P000028,가부라키 기요카타,미술가,일본
P000029,가빈,문인,한국
P000030,가성주,문인,한국
P000031,가와바타 야스나리,문인,일본
P000032,가와사키 쇼코,미술가,일본
P000033,가와카미 료카,미술가,일본
P000034,가을뫼,문인,한국
P000035,가을사람,문인,한국
P000036,가이식,문인,한국
P000037,가자봉인,문인,한국
P000038,가자옥,문인,한국
P000039,가종,문인,한국
P000040,가종인,문인,한국
P000041,가철삼,문인,한국
P000042,가타야마 도시히코,미술가,일본
P000043,가토 타케오,문인,일본
P000044,가토리 히데마사,미술가,일본
P000045,가펼우남,,한국
P000046,각경,문인,한국
P000047,각광자,문인,한국
P000048,각도인,문인,한국
P000049,각살이,문인,한국
P000050,각종,문인,한국
P000051,각종당,문인,한국
P000052,각지대표,문인,한국
P000053,간,,한국
P000054,간도금기종,문인,한국
P000055,간정생,문인,한국
P000056,갈가,문인,한국
P000057,갈닐리,문인,한국
P000058,갈도,문인,한국
P000059,갈매기,,한국
P000060,갈맥,문인,한국
P000061,갈애,문인,한국
P000062,감람산인,문인,한국
P000063,감메,,한국
P000064,감산인,문인,한국
P000065,감탄,문인,한국
P000066,갑,문인,한국
P000067,갑기,문인,한국
P000068,갑섭,문인,한국
P000069,갑수,문인,한국
P000070,갑식,문인,한국
P000071,강,문인,한국
P000072,강가마,문인,한국
P000073,강거사,문인,한국
P000074,강경,문인,한국
P000075,강경범,문인,한국
P000076,강경부,문인,한국
P000077,강경애,문인,한국
P000078,강경임,문인,한국
P000079,강경향,문인,한국
P000080,강계김운롱,,한국
P000081,강계순,문인,한국
P000082,강계음,문인,한국
P000083,강계전치화,문인,한국
P000084,강계흠,문인,한국
P000085,강교근,문인,한국
P000086,강귀녀,문인,한국
P000087,강규,문인,한국
P000088,강근우,문인,한국
P000089,강근파,문인,한국
P000090,강기성,문인,한국
P000091,강길모,문인,한국
P000092,강남,문인,한국
P000093,강남거사,문인,한국
P000094,강남목,문인,한국
P000095,강남산인,문인,한국
P000096,강남성,문인,한국
P000097,강남월,문인,한국
P000098,강남초동,문인,한국
P000099,강남춘,문인,한국
P000100,강노향,문인,한국
P000101,강대,문인,한국
P000102,강대원,문인,한국
P000103,강대철,문인,한국
P000104,강대호,문인,한국
P000105,강대홍,문인,한국
P000106,강대화,문인,한국
P000107,강덕률,문인,한국
P000108,강로경,,한국
P000109,강률,문인,한국
P000110,강매,문인,한국
P000111,강명석,문인,한국
P000112,강명희,문인,한국
P000113,강문구,문인,한국
P000114,강문수,문인,한국
P000115,강문유,문인,한국
P000116,강문필,문인,한국
P000117,강문호,문인,한국
P000118,강문환,문인,한국
P000119,강민야사,문인,한국
P000120,강박문,문인,한국
P000121,강병기,문인,한국
P000122,강병유,문인,한국
P000123,강병주,문인,한국
P000124,강복신,문인,한국
P000125,강봉옥,문인,한국
P000126,강봉재,문인,한국
P000127,강빈,문인,한국
P000128,강산유인,문인,한국
P000129,강산인,문인,한국
P000130,강상월인,문인,한국
P000131,강상초인,문인,한국
P000132,강상흥,문인,한국
P000133,강생,문인,한국
P000134,강서산인,문인,한국
P000135,강석,문인,한국
P000136,강석균,문인,한국
P000137,강석현,문인,한국
P000138,강성,문인,한국
P000139,강성구,문인,한국
P000140,강성규,문인,한국
P000141,강성민,문인,한국
P000142,강성범,문인,한국
P000143,강성점,문인,한국
P000144,강성주,문인,한국
P000145,강성철,문인,한국
P000146,강세,문인,한국
P000147,강세보,문인,한국
P000148,강세식,문인,한국
P000149,강세형,,한국
P000150,강세희,문인,한국
P000151,강소수,문인,한국
P000152,강소천,문인,한국
P000153,강수,문인,한국
P000154,강숙,문인,한국
P000155,강숙경,문인,한국
P000156,강순겸,문인,한국
P000157,강순도,문인,한국
P000158,강순선,문인,한국
P000159,강순성,문인,한국
P000160,강순욱,문인,한국
P000161,강승한,문인,한국
P000162,강승화,미술가,한국
P000163,강시환,문인,한국
P000164,강식,문인,한국
P000165,강신부,문인,한국
P000166,강신성,문인,한국
P000167,강신철,문인,한국
P000168,강안숙,문인,한국
P000169,강안식,문인,한국
P000170,강애천,문인,한국
P000171,강영균,문인,한국
P000172,강영근,문인,한국
P000173,강영수,문인,한국
P000174,강영순,문인,한국
P000175,강영한,문인,한국
P000176,강영호,문인,한국
P000177,강영희,문인,한국
P000178,강옥,문인,한국
P000179,강용수,문인,한국
P000180,강용흘,문인,한국
P000181,강우,문인,한국
P000182,강우경,문인,한국
P000183,강우촌,문인,한국
P000184,강욱,문인,한국
P000185,강운곡,문인,한국
P000186,강운성,문인,한국
P000187,강운파,문인,한국
P000188,강원,문인,한국
P000189,강원숙,문인,한국
P000190,강원탁,문인,한국
P000191,강원홍,문인,한국
P000192,강유문,문인,한국
P000193,강윤,문인,한국
P000194,강윤수,문인,한국
P000195,강응엽,문인,한국
P000196,강인,문인,한국
P000197,강인택,문인,한국
P000198,강일보,문인,한국
P000199,강일산,문인,한국
P000200,강일삼,문인,한국
P000201,강일향,문인,한국
P000202,강일호,문인,한국
P000203,강자,문인,한국
P000204,강재진,문인,한국
P000205,강재호,문인,한국
P000206,강전,문인,한국
P000207,강전식,문인,한국
P000208,강정,문인,한국
P000209,강정빈,문인,한국
P000210,강정숙,문인,한국
P000211,강정애,문인,한국
P000212,강정우,문인,한국
P000213,강정원,문인,한국
P000214,강정임,문인,한국
P000215,강제건,문인,한국
P000216,강제동,문인,한국
P000217,강주호,문인,한국
P000218,강준원,문인,한국
P000219,강준철,문인,한국
P000220,강중규,문인,한국
P000221,강직,문인,한국
P000222,강진구,미술가,한국
P000223,강창근,문인,한국
P000224,강창수,미술가,한국
P000225,강창순,문인,한국
P000226,강창옥,문인,한국
P000227,강창정,문인,한국
P000228,강촌생,문인,한국
P000229,강촌학인,문인,한국
P000230,강춘산,문인,한국
P000231,강치봉,문인,한국
P000232,강태민,문인,한국
P000233,강태암,문인,한국
P000234,강태희,문인,한국
P000235,강풍,문인,한국
P000236,강필상,미술가,한국
P000237,강학인,문인,한국
P000238,강해인,문인,한국
P000239,강향,문인,한국
P000240,강향은,문인,한국
P000241,강현결,,한국
P000242,강형구,문인,한국
P000243,강형원,문인,한국
P000244,강형주,문인,한국
P000245,강호,연극인,한국
P000246,강홍운,문인,한국
P000247,강화학인,문인,한국
P000248,강효천,문인,한국
P000249,강훈,문인,한국
P000250,강흡,문인,한국
P000251,강흥수,문인,한국
P000252,강흥팔,문인,한국
P000253,강희관,문인,한국
P000254,강희옥,미술가,한국
P000255,개성사,문인,한국
P000256,개아지,문인,한국
P000257,거몽,문인,한국
P000258,거민,문인,한국
P000259,거병,문인,한국
P000260,거암생,문인,한국
P000261,거울꼿,문인,한국
P000262,거을꼿,,한국
P000263,걱정업슬이,문인,한국
P000264,건만,문인,한국
P000265,건식역,문인,한국
P000266,건영,문인,한국
P000267,건춘,문인,한국
P000268,건표,문인,한국
P000269,건혁,문인,한국
P000270,건희,문인,한국
P000271,걸인,문인,한국
P000272,검갈메기,,한국
P000273,검교학인,문인,한국
P000274,검돌이,문인,한국
P000275,검산인,문인,한국
P000276,검시어딈,연극인,한국
P000277,검온남,문인,한국
P000278,검창선,문인,한국
P000279,게렌스키,,한국
P000280,게오르기사즈이킨,,한국
P000281,견원,문인,한국
P000282,견파,문인,한국
P000283,결초생,문인,한국
P000284,겸산자,문인,한국
P000285,겸산제홍희,문인,한국
P000286,겸암,문인,한국
P000287,겸이포장소류,문인,한국
P000288,겸자,문인,한국
P000289,경,문인,한국
P000290,경공,문인,한국
P000291,경구,문인,한국
P000292,경기송,문인,한국
P000293,경도,문인,한국
P000294,경묵,문인,한국
P000295,경문,문인,한국
P000296,경부,문인,한국
P000297,경상,문인,한국
P000298,경상학인,문인,한국
P000299,경석,문인,한국
P000300,경선,문인,한국
P000301,경설,문인,한국
P000302,경섭,문인,한국
P000303,경손,문인,한국
P000304,경손역,문인,한국
P000305,경숙,문인,한국
P000306,경순,문인,한국
P000307,경식,문인,한국
P000308,경신,문인,한국
P000309,경애,문인,한국
P000310,경엽,문인,한국
P000311,경옥,문인,한국
P000312,경완,문인,한국
P000313,경우,문인,한국
P000314,경우생,문인,한국
P000315,경운,문인,한국
P000316,경운생,문인,한국
P000317,경원,문인,한국
P000318,경원역,문인,한국
P000319,경일,문인,한국
P000320,경일역,문인,한국
P000321,경자,문인,한국
P000322,경재,문인,한국
P000323,경전생,문인,한국
P000324,경준,문인,한국
P000325,경지,문인,한국
P000326,경천보,문인,한국
P000327,경천생,문인,한국
P000328,경철수,문인,한국
P000329,경추강,문인,한국
P000330,경출,문인,한국
P000331,경파,문인,한국
P000332,경포만월,문인,한국
P000333,경풍생,문인,한국
P000334,경하,문인,한국
P000335,경호,문인,한국
P000336,경화,문인,한국
P000337,경화생,문인,한국
P000338,경환,문인,한국
P000339,경희,문인,한국
P000340,계,문인,한국
P000341,계강,문인,한국
P000342,계광순,문인,한국
P000343,계광환,문인,한국
P000344,계농인,문인,한국
P000345,계담,문인,한국
P000346,계덕,문인,한국
P000347,계동학인,문인,한국
P000348,계룡일,문인,한국
P000349,계리언,문인,한국
P000350,계명동인,문인,한국
P000351,계명식,문인,한국
P000352,계명촌인,문인,한국
P000353,계뫼,문인,한국
P000354,계민,문인,한국
P000355,계방년,문인,한국
P000356,계병호,문인,한국
P000357,계보,문인,한국
P000358,계봉,문인,한국
P000359,계봉순,문인,한국
P000360,계빈,문인,한국
P000361,계산순,문인,한국
P000362,계산옹,문인,한국
P000363,계산월,문인,한국
P000364,계산자,문인,한국
P000365,계수,문인,한국
P000366,계수산,문인,한국
P000367,계순,문인,한국
P000368,계양,문인,한국
P000369,계양생,문인,한국
P000370,계연집,문인,한국
P000371,계영,문인,한국
P000372,계영션,,한국
P000373,계영철,문인,한국
P000374,계옥,문인,한국
P000375,계용근,문인,한국
P000376,계용묵,문인,한국
P000377,계운,문인,한국
P000378,계원,문인,한국
P000379,계월,문인,한국
P000380,계윤집,문인,한국
P000381,계일,문인,한국
P000382,계장집,문인,한국
P000383,계정식,음악가,한국
P000384,계정학,문인,한국
P000385,계준태,문인,한국
P000386,계창조,문인,한국
P000387,계채,문인,한국
P000388,계촌,문인,한국
P000389,계춘근,문인,한국
P000390,계학,문인,한국
P000391,계훈,문인,한국
P000392,고경상,출판자,한국
P000393,고경인,문인,한국
P000394,고경흠,문인,한국
P000395,고고생,문인,한국
P000396,고구,문인,한국
P000397,고기봉,문인,한국
P000398,고긴빗,문인,한국
P000399,고긴빛,문인,한국
P000400,고넬로,문인,한국
P000401,고넬료,문인,한국
P000402,고대균,문인,한국
P000403,고대기자,문인,한국
P000404,고도,문인,한국
P000405,고도향,문인,한국
P000406,고려,문인,한국
P000407,고려범,문인,한국
P000408,고려생,문인,한국
P000409,고려위,문인,한국
P000410,고리기,문인,한국
P000411,고리언,문인,한국
P000412,고명준,문인,한국
P000413,고무,문인,한국
P000414,고문,문인,한국
P000415,고문구,문인,한국
P000416,고문규,문인,한국
P000417,고문수,문인,한국
P000418,고민,문인,한국
P000419,고민성,문인,한국
P000420,고바야시 만고,미술가,일본
P000421,고바야시 모토카즈,미술가,일본
P000422,고바야시 소쿄,미술가,일본
P000423,고병국,문인,한국
P000424,고병철,문인,한국
P000425,고봉,문인,한국
P000426,고봉객,문인,한국
P000427,고봉경,문인,한국
P000428,고봉오,문인,한국
P000429,고북선,문인,한국
P000430,고불당,문인,한국
P000431,고빈,문인,한국
P000432,고산열,문인,한국
P000433,고삼열,문인,한국
P000434,고상,문인,한국
P000435,고상실,문인,한국
P000436,고서,문인,한국
P000437,고석,미술가,한국
P000438,고석주,문인,한국
P000439,고성계남,문인,한국
P000440,고성생,문인,한국
P000441,고성숙,문인,한국
P000442,고성언,문인,한국
P000443,고성재,문인,한국
P000444,고소생,문인,한국
P000445,고승명,문인,한국
P000446,고승제,문인,한국
P000447,고시로 모토이,미술가,일본
P000448,고악,문인,한국
P000449,고안언,문인,한국
P000450,고암,문인,한국
P000451,고역순,문인,한국
P000452,고영,문인,한국
P000453,고영수,문인,한국
P000454,고영완,문인,한국
P000455,고영직,문인,한국
P000456,고영한,문인,한국
P000457,고영환,학자,한국
P000458,고오리야마 사부로,미술가,일본
P000459,고온,문인,한국
P000460,고운산,문인,한국
P000461,고원,문인,한국
P000462,고원귀객,문인,한국
P000463,고원섭,문인,한국
P000464,고원화,문인,한국
P000465,고원훈,문인,한국
P000466,고월관인,문인,한국
P000467,고위민,문인,한국
P000468,고유섭,학자,한국
P000469,고의순,문인,한국
P000470,고이케 신지,미술가,일본
P000471,고인,문인,한국
P000472,고인태,문인,한국
P000473,고일근,문인,한국
P000474,고일성,문인,한국
P000475,고일신,문인,한국
P000476,고일환,문인,한국
P000477,고장한,문인,한국
P000478,고장환,문인,한국
P000479,고재국,문인,한국
P000480,고재섭,문인,한국
P000481,고재천,문인,한국
P000482,고재휴,운동가,한국
P000483,고쟝환,,한국
P000484,고정규,문인,한국
P000485,고정실,문인,한국
P000486,고정옥,문인,한국
P000487,고제경,,한국
P000488,고조모,문인,한국
P000489,고주성,문인,한국
P000490,고주역,문인,한국
P000491,고죽,문인,한국
P000492,고준병,문인,한국
P000493,고창오,문인,한국
P000494,고창재,문인,한국
P000495,고천,문인,한국
P000496,고천애,문인,한국
P000497,고청,문인,한국
P000498,고촌,문인,한국
P000499,고춘강,문인,한국
P000500,고춘곡,문인,한국
P000501,고쿠라 센진,미술가,일본
P000502,고탑,문인,한국
P000503,고택,문인,한국
P000504,고파,문인,한국
P000505,고파생,문인,한국
P000506,고풍경,문인,한국
P000507,고학,문인,한국
P000508,고학생,문인,한국
P000509,고한승,문인,한국
P000510,고허,문인,한국
P000511,고현역,문인,한국
P000512,고형곤,학자,한국
P000513,고호,문인,한국
P000514,고호봉,문인,한국
P000515,고홍,문인,한국
P000516,고화영,문인,한국
P000517,고황경,문인,한국
P000518,고흥상,문인,한국
P000519,고희경,,한국
P000520,고희동,미술가,한국
P000521,고희순,문인,한국
P000522,고희자,,한국
P000523,고희준,문인,한국
P000524,고희춘,문인,한국
P000525,고희환,문인,한국
P000526,곡,문인,한국
P000527,곡교인,문인,한국
P000528,곡구생,문인,한국
P000529,곡기자,문인,한국
P000530,곡류생,문인,한국
P000531,곡산,문인,한국
P000532,곡생,문인,한국
P000533,곡송무,문인,한국
P000534,곡차랑,문인,한국
P000535,곡천,문인,한국
P000536,곡촌부,문인,한국
P000537,곡추대좌,문인,한국
P000538,곡파생,문인,한국
P000539,곡현송,문인,한국
P000540,곤 와지로,학자,일본
P000541,곤 히데미,문인,일본
P000542,곧은똘,문인,한국
P000543,골상학인,문인,한국
P000544,골인대왕,문인,한국
P000545,곰보,문인,한국
P000546,공,문인,한국
P000547,공곡거사,문인,한국
P000548,공병태,문인,한국
P000549,공불,문인,한국
P000550,공손수,문인,한국
P000551,공안자,문인,한국
P000552,공암정,문인,한국
P000553,공역,문인,한국
P000554,공원,문인,한국
P000555,공작초,문인,한국
P000556,공재명,문인,한국
P000557,공지탄,문인,한국
P000558,공진항,문인,한국
P000559,공진형,미술가,한국
P000560,공흠,문인,한국
P000561,과목동인,문인,한국
P000562,곽경환,문인,한국
P000563,곽대위,문인,한국
P000564,곽동규,문인,한국
P000565,곽복산,문인,한국
P000566,곽봉칙,문인,한국
P000567,곽사,문인,한국
P000568,곽산,문인,한국
P000569,곽석우,문인,한국
P000570,곽순일,문인,한국
P000571,곽신애,문인,한국
P000572,곽안련,문인,한국
P000573,곽영국,문인,한국
P000574,곽영철,문인,한국
P000575,곽인영,문인,한국
P000576,곽정모,문인,한국
P000577,곽종수,문인,한국
P000578,곽창준,음악가,한국
P000579,곽창현,문인,한국
P000580,곽철수,문인,한국
P000581,곽춘신,문인,한국
P000582,곽하신,문인,한국
P000583,곽흥모,미술가,한국
P000584,관광생,문인,한국
P000585,관광자,문인,한국
P000586,관구,문인,한국
P000587,관구태,문인,한국
P000588,관도,문인,한국
P000589,관동식,음악가,한국
P000590,관모산인,문인,한국
P000591,관북철,문인,한국
P000592,관상박사,문인,한국
P000593,관상자,문인,한국
P000594,관생,문인,한국
P000595,관수학인,문인,한국
P000596,관옥,문인,한국
P000597,관용,문인,한국
P000598,관조,문인,한국
P000599,관호,문인,한국
P000600,관희,문인,한국
P000601,광,문인,한국
P000602,광구생,문인,한국
P000603,광구생기,문인,한국
P000604,광낭,문인,한국
P000605,광도,문인,한국
P000606,광래,문인,한국
P000607,광렬,문인,한국
P000608,광본수남,문인,한국
P000609,광빈,문인,한국
P000610,광산신월,문인,한국
P000611,광섭,문인,한국
P000612,광세,문인,한국
P000613,광소,문인,한국
P000614,광수역술,문인,한국
P000615,광수허영숙,문인,한국
P000616,광안정광,문인,한국
P000617,광우,문인,한국
P000618,광운,문인,한국
P000619,광운경화,문인,한국
P000620,광윤,문인,한국
P000621,광인,문인,한국
P000622,광정인,문인,한국
P000623,광종,문인,한국
P000624,광주독소,문인,한국
P000625,광천,문인,한국
P000626,광축실주인,문인,한국
P000627,광탄,문인,한국
P000628,광택학송,문인,한국
P000629,광한,문인,한국
P000630,광현,문인,한국
P000631,광호,문인,한국
P000632,광화문인,문인,한국
P000633,광화자,문인,한국
P000634,광화학인,문인,한국
P000635,괴옹도인,문인,한국
P000636,교,문인,한국
P000637,교성,문인,한국
P000638,교원금옥례,문인,한국
P000639,구,문인,한국
P000640,구건회,문인,한국
P000641,구계순,문인,한국
P000642,구기자,문인,한국
P000643,구노 토요히코,문인,일본
P000644,구덕희,문인,한국
P000645,구도생,문인,한국
P000646,구랑,문인,한국
P000647,구령서,문인,한국
P000648,구로다 세이키,미술가,일본
P000649,구룡자,문인,한국
P000650,구마오카 요시히코,미술가,일본
P000651,구배보,문인,한국
P000652,구본영,미술가,한국
P000653,구본웅,미술가,한국
P000654,구본희,문인,한국
P000655,구봉산인,문인,한국
P000656,구봉생,문인,한국
P000657,구비생,문인,한국
P000658,구사생,문인,한국
P000659,구산인,문인,한국
P000660,구산초,문인,한국
P000661,구석산인,문인,한국
P000662,구선불,문인,한국
P000663,구섬,문인,한국
P000664,구성,문인,한국
P000665,구성서,문인,한국
P000666,구성우,문인,한국
P000667,구소암,문인,한국
P000668,구송,문인,한국
P000669,구술,문인,한국
P000670,구스모토 쇼지로,미술가,일본
P000671,구신생,문인,한국
P000672,구연갑,문인,한국
P000673,구연묵,문인,한국
P000674,구연학,문인,한국
P000675,구영,문인,한국
P000676,구영숙,문인,한국
P000677,구영자,문인,한국
P000678,구왕삼,문인,한국
P000679,구원천,문인,한국
P000680,구원회,문인,한국
P000681,구월,문인,한국
P000682,구월산인,문인,한국
P000683,구월생,문인,한국
P000684,구자옥,문인,한국
P000685,구정,문인,한국
P000686,구정운,문인,한국
P000687,구조,문인,한국
P000688,구종서,미술가,한국
P000689,구종현,문인,한국
P000690,구중복,문인,한국
P000691,구중회,문인,한국
P000692,구직회,문인,한국
P000693,구천우,문인,한국
P000694,구현,문인,한국
P000695,국,문인,한국
P000696,국경생,문인,한국
P000697,국곡,문인,한국
P000698,국기,문인,한국
P000699,국기섭,문인,한국
P000700,국농,문인,한국
P000701,국본종성,문인,한국
P000702,국사,문인,한국
P000703,국성,문인,한국
P000704,국순엽,문인,한국
P000705,국여거사,문인,한국
P000706,국정,문인,한국
P000707,국지,문인,한국
P000708,국지광,문인,한국
P000709,국채표,문인,한국
P000710,국처사,문인,한국
P000711,국태순,문인,한국
P000712,국판생,문인,한국
P000713,국화,문인,한국
P000714,군지 지로우마사,문인,일본
P000715,군현학인,문인,한국
P000716,궁을현인,문인,한국
P000717,궁촌정흥,문인,한국
P000718,궁치순,문인,한국
P000719,궁해문,문인,한국
P000720,권경완,문인,한국
P000721,권경환,문인,한국
P000722,권구구랑,문인,한국
P000723,권구현,문인,한국
P000724,권금년,문인,한국
P000725,권당,문인,한국
P000726,권대경,문인,한국
P000727,권대완,문인,한국
P000728,권덕규,문인,한국
P000729,권독부,문인,한국
P000730,권동,문인,한국
P000731,권동주,문인,한국
P000732,권동진,문인,한국
P000733,권래복,문인,한국
P000734,권령,문인,한국
P000735,권령중,문인,한국
P000736,권령화,문인,한국
P000737,권명,문인,한국
P000738,권명수,문인,한국
P000739,권민일,문인,한국
P000740,권배근,문인,한국
P000741,권백옥,문인,한국
P000742,권병경,문인,한국
P000743,권병덕,문인,한국
P000744,권상,문인,한국
P000745,권상로,문인,한국
P000746,권서추,문인,한국
P000747,권설송,문인,한국
P000748,권섭,문인,한국
P000749,권성욱,문인,한국
P000750,권순구,문인,한국
P000751,권승,문인,한국
P000752,권승락,문인,한국
P000753,권실능,문인,한국
P000754,권연구,문인,한국
P000755,권영환,문인,한국
P000756,권오순,문인,한국
P000757,권오익,문인,한국
P000758,권옥연,미술가,한국
P000759,권우택,미술가,한국
P000760,권원소,문인,한국
P000761,권의봉,문인,한국
P000762,권이옥,문인,한국
P000763,권인월,문인,한국
P000764,권일,문인,한국
P000765,권일선,문인,한국
P000766,권재식,문인,한국
P000767,권점필,문인,한국
P000768,권주희,문인,한국
P000769,권중휘,문인,한국
P000770,권직주,문인,한국
P000771,권진수,문인,한국
P000772,권천생,문인,한국
P000773,권철,문인,한국
P000774,권춘,문인,한국
P000775,권춘영,문인,한국
P000776,권태복,문인,한국
P000777,권태홍,문인,한국
P000778,권퇴경,문인,한국
P000779,권학곤,문인,한국
P000780,권형도,문인,한국
P000781,권홍석,문인,한국
P000782,권화,문인,한국
P000783,권효성,문인,한국
P000784,권휴정,문인,한국
P000785,권희,문인,한국
P000786,귀,문인,한국
P000787,귀곡동인,문인,한국
P000788,귀곡생,문인,한국
P000789,귀곡자,문인,한국
P000790,귀남,문인,한국
P000791,귀남도사,문인,한국
P000792,귀도사,문인,한국
P000793,귀돌,문인,한국
P000794,귀람,문인,한국
P000795,귀람거사,문인,한국
P000796,귀람도사,문인,한국
P000797,귀례,문인,한국
P000798,귀산인,문인,한국
P000799,귀생,문인,한국
P000800,귀소,문인,한국
P000801,귀송,문인,한국
P000802,귀일,문인,한국
P000803,규,문인,한국
P000804,규갑,문인,한국
P000805,규당처사,문인,한국
P000806,규봉,문인,한국
P000807,규선,문인,한국
P000808,규섭,문인,한국
P000809,규엽,문인,한국
P000810,규영,문인,한국
P000811,규원,문인,한국
P000812,규인,문인,한국
P000813,규정,문인,한국
P000814,규평,문인,한국
P000815,규한,문인,한국
P000816,규현,문인,한국
P000817,규형,문인,한국
P000818,규홍,문인,한국
P000819,규환,문인,한국
P000820,규훈,문인,한국
P000821,규희,문인,한국
P000822,균,문인,한국
P000823,그림자집,문인,한국
P000824,극,문인,한국
P000825,극성,문인,한국
P000826,극야,문인,한국
P000827,극천생,문인,한국
P000828,근,문인,한국
P000829,근곡생,문인,한국
P000830,근당,문인,한국
P000831,근당생,문인,한국
P000832,근도,문인,한국
P000833,근등일마,문인,한국
P000834,근로소년,문인,한국
P000835,근무,문인,한국
P000836,근배,문인,한국
P000837,근사생,문인,한국
P000838,근상,문인,한국
P000839,근생,문인,한국
P000840,근석,문인,한국
P000841,근섭,문인,한국
P000842,근성,문인,한국
P000843,근수,문인,한국
P000844,근식,문인,한국
P000845,근실,문인,한국
P000846,근연,문인,한국
P000847,근영,문인,한국
P000848,근원소종,문인,한국
P000849,근이,문인,한국
P000850,근정,문인,한국
P000851,근조,문인,한국
P000852,근창,문인,한국
P000853,근철,문인,한국
P000854,근춘,문인,한국
P000855,근충,문인,한국
P000856,근친생,문인,한국
P000857,근파,문인,한국
P000858,근파생,문인,한국
P000859,근호,문인,한국
P000860,근화,문인,한국
P000861,근환,문인,한국
P000862,글음자,문인,한국
P000863,금,문인,한국
P000864,금강샘,문인,한국
P000865,금구슬,문인,한국
P000866,금기환,문인,한국
P000867,금당,문인,한국
P000868,금래,문인,한국
P000869,금명,문인,한국
P000870,금바위,문인,한국
P000871,금방울,문인,한국
P000872,금별,문인,한국
P000873,금새,문인,한국
P000874,금샛별,문인,한국
P000875,금솟,문인,한국
P000876,금순,문인,한국
P000877,금원,문인,한국
P000878,금원사,문인,한국
P000879,금잔듸,문인,한국
P000880,금조,문인,한국
P000881,금주,문인,한국
P000882,금중차진,문인,한국
P000883,금창숙,문인,한국
P000884,금천관,문인,한국
P000885,금철,문인,한국
P000886,금파,문인,한국
P000887,금파생,문인,한국
P000888,금포연,문인,한국
P000889,금학연,문인,한국
P000890,금협산인저,문인,한국
P000891,금화랑,문인,한국
P000892,금화성,문인,한국
P000893,긍,문인,한국
P000894,긍종,문인,한국
P000895,긔뎨,문인,한국
P000896,긔이부,문인,한국
P000897,긔진,,한국
P000898,기,문인,한국
P000899,기극자,문인,한국
P000900,기남,문인,한국
P000901,기노시타 시데타로,미술가,일본
P000902,기덕,문인,한국
P000903,기독복,문인,한국
P000904,기독신보동경지국,문인,한국
P000905,기동,문인,한국
P000906,기린굴인,문인,한국
P000907,기림,문인,한국
P000908,기만,문인,한국
P000909,기몽,문인,한국
P000910,기무라 게이지,미술가,일본
P000911,기무라 고이치로,미술가,일본
P000912,기무라 다이켄,미술가,일본
P000913,기미생,문인,한국
P000914,기백,문인,한국
P000915,기병,문인,한국
P000916,기복,문인,한국
P000917,기봉,문인,한국
P000918,기봉규,문인,한국
P000919,기사다 히데토,미술가,일본
P000920,기서,문인,한국
P000921,기석,문인,한국
P000922,기섭,문인,한국
P000923,기성인,문인,한국
P000924,기세,문인,한국
P000925,기수,문인,한국
P000926,기안,문인,한국
P000927,기언,문인,한국
P000928,기영외,문인,한국
P000929,기용,문인,한국
P000930,기원,문인,한국
P000931,기월해,문인,한국
P000932,기윤,문인,한국
P000933,기응도,문인,한국
P000934,기이부,문인,한국
P000935,기일,문인,한국
P000936,기일박사,문인,한국
P000937,기자,문인,한국
P000938,기정,문인,한국
P000939,기제,문인,한국
P000940,기준,문인,한국
P000941,기진,문인,한국
P000942,기철,문인,한국
P000943,기타 레이키치,학자,일본
P000944,기타가와 후유히코,문인,일본
P000945,기타카와 후유히코,문인,일본
P000946,기타하라 다이스케,미술가,일본
P000947,기탑승,문인,한국
P000948,기태,문인,한국
P000949,기택정,문인,한국
P000950,기현,문인,한국
P000951,기호,문인,한국
P000952,기홍,문인,한국
P000953,기환,문인,한국
P000954,기효,문인,한국
P000955,긴내,문인,한국
P000956,긴바라 세이고,학자,일본
P000957,길록,문인,한국
P000958,길리서,문인,한국
P000959,길명순,문인,한국
P000960,길산,문인,한국
P000961,길생,문인,한국
P000962,길석,문인,한국
P000963,길손림,문인,한국
P000964,길수,문인,한국
P000965,길순,문인,한국
P000966,길용,문인,한국
P000967,길정희,문인,한국
P000968,길진,문인,한국
P000969,길진경,문인,한국
P000970,길진섭,미술가,한국
P000971,길춘배,문인,한국
P000972,김,문인,한국
P000973,김(학)준,미술가,한국
P000974,김가연,문인,한국
P000975,김갑룡,문인,한국
P000976,김갑성,문인,한국
P000977,김갑수,문인,한국
P000978,김갑순,문인,한국
P000979,김갑연,문인,한국
P000980,김갑용,문인,한국
P000981,김강,문인,한국
P000982,김강문,문인,한국
P000983,김강수,문인,한국
P000984,김강윤,문인,한국
P000985,김건,문인,한국
P000986,김건오,문인,한국
P000987,김건표,문인,한국
P000988,김격환,문인,한국
P000989,김겸,문인,한국
P000990,김경,문인,한국
P000991,김경남,문인,한국
P000992,김경두,문인,한국
P000993,김경렬,문인,한국
P000994,김경린,문인,한국
P000995,김경배,문인,한국
P000996,김경복,문인,한국
P000997,김경산,문인,한국
P000998,김경석,문인,한국
P000999,김경선,문인,한국
P001000,김경수,문인,한국
P001001,김경순,문인,한국
P001002,김경연,문인,한국
P001003,김경원,,한국
P001004,김경자,문인,한국
P001005,김경재,문인,한국
P001006,김경주,문인,한국
P001007,김경준,문인,한국
P001008,김경중,문인,한국
P001009,김경집,문인,한국
P001010,김경탁,문인,한국
P001011,김경태,문인,한국
P001012,김경한,문인,한국
P001013,김경함,문인,한국
P001014,김경호,문인,한국
P001015,김경환,문인,한국
P001016,김경희,문인,한국
P001017,김계,문인,한국
P001018,김계담,문인,한국
P001019,김계동,문인,한국
P001020,김계득,문인,한국
P001021,김계림,문인,한국
P001022,김계선,문인,한국
P001023,김계숙,문인,한국
P001024,김계영,문인,한국
P001025,김계현,문인,한국
P001026,김계호,문인,한국
P001027,김계화,문인,한국
P001028,김계환,문인,한국
P001029,김고계,문인,한국
P001030,김고산,문인,한국
P001031,김공순,문인,한국
P001032,김공주,문인,한국
P001033,김공흠,문인,한국
P001034,김과백,문인,한국
P001035,김관,음악가,한국
P001036,김관수,문인,한국
P001037,김관호,미술가,한국
P001038,김광,문인,한국
P001039,김광균,문인,한국
P001040,김광련,문인,한국
P001041,김광서,문인,한국
P001042,김광석,문인,한국
P001043,김광선,문인,한국
P001044,김광섭,문인,한국
P001045,김광성칠,문인,한국
P001046,김광수,문인,한국
P001047,김광순,문인,한국
P001048,김광업,문인,한국
P001049,김광엽,문인,한국
P001050,김광우,문인,한국
P001051,김광욱,문인,한국
P001052,김광원,문인,한국
P001053,김광윤,문인,한국
P001054,김광은,문인,한국
P001055,김광정웅,문인,한국
P001056,김광주,문인,한국
P001057,김광천,문인,한국
P001058,김광철,문인,한국
P001059,김광호,문인,한국
P001060,김교경,문인,한국
P001061,김교선,문인,한국
P001062,김교신,문인,한국
P001063,김교신석동인성,문인,한국
P001064,김교신역,문인,한국
P001065,김교영,문인,한국
P001066,김교주,문인,한국
P001067,김교중,문인,한국
P001068,김교환,운동가,한국
P001069,김구경,,한국
P001070,김구암,문인,한국
P001071,김구정,문인,한국
P001072,김구하,,한국
P001073,김구헌,,한국
P001074,김구현,문인,한국
P001075,김국,문인,한국
P001076,김국안,문인,한국
P001077,김국초,문인,한국
P001078,김권,문인,한국
P001079,김권옥,문인,한국
P001080,김귀덕,문인,한국
P001081,김귀득,문인,한국
P001082,김귀영,문인,한국
P001083,김귀인,문인,한국
P001084,김규,문인,한국
P001085,김규면,문인,한국
P001086,김규식,문인,한국
P001087,김규원,문인,한국
P001088,김규은,문인,한국
P001089,김규태,문인,한국
P001090,김규택,미술가,한국
P001091,김규환,문인,한국
P001092,김극,문인,한국
P001093,김극광,문인,한국
P001094,김극배,문인,한국
P001095,김극성,문인,한국
P001096,김극수,문인,한국
P001097,김극청,문인,한국
P001098,김근수,문인,한국
P001099,김금,문인,한국
P001100,김금덕,문인,한국
P001101,김금룡,,한국
P001102,김금주,문인,한국
P001103,김긔복,문인,한국
P001104,김기,문인,한국
P001105,김기곤,문인,한국
P001106,김기남,문인,한국
P001107,김기담,문인,한국
P001108,김기림,문인,한국
P001109,김기림문,문인,한국
P001110,김기만,문인,한국
P001111,김기명,문인,한국
P001112,김기복,문인,한국
P001113,김기삼,문인,한국
P001114,김기석,문인,한국
P001115,김기선,문인,한국
P001116,김기성,문인,한국
P001117,김기연,문인,한국
P001118,김기영,문인,한국
P001119,김기완,문인,한국
P001120,김기전,문인,한국
P001121,김기전금병준방정환최진순,문인,한국
P001122,김기주,문인,한국
P001123,김기진,문인,한국
P001124,김기진역,문인,한국
P001125,김기진외,문인,한국
P001126,김기창,문인,한국
P001127,김기팔,문인,한국
P001128,김기하,문인,한국
P001129,김기학,문인,한국
P001130,김기혁,문인,한국
P001131,김기호,문인,한국
P001132,김기환,문인,한국
P001133,김기황,문인,한국
P001134,김길,문인,한국
P001135,김길곤,문인,한국
P001136,김길신,문인,한국
P001137,김길연,문인,한국
P001138,김남계,문인,한국
P001139,김남극,문인,한국
P001140,김남산,문인,한국
P001141,김남수,문인,한국
P001142,김남주,문인,한국
P001143,김남천,문인,한국
P001144,김낭운,문인,한국
P001145,김내성,문인,한국
P001146,김노다,,한국
P001147,김니수,문인,한국
P001148,김단실,문인,한국
P001149,김달선,문인,한국
P001150,김달진,문인,한국
P001151,김달하,문인,한국
P001152,김당수,문인,한국
P001153,김대,문인,한국
P001154,김대관,문인,한국
P001155,김대규,문인,한국
P001156,김대균,문인,한국
P001157,김대봉,문인,한국
P001158,김대수,문인,한국
P001159,김대업,문인,한국
P001160,김대은,문인,한국
P001161,김대임,문인,한국
P001162,김대준,문인,한국
P001163,김대창,문인,한국
P001164,김대형,문인,한국
P001165,김대홍,문인,한국
P001166,김덕균,문인,한국
P001167,김덕래,문인,한국
P001168,김덕봉,문인,한국
P001169,김덕산,음악가,한국
P001170,김덕선,문인,한국
P001171,김덕성,문인,한국
P001172,김덕수,문인,한국
P001173,김덕실,문인,한국
P001174,김덕재,문인,한국
P001175,김덕찬,문인,한국
P001176,김덕현,문인,한국
P001177,김덕환,문인,한국
P001178,김도,문인,한국
P001179,김도경,문인,한국
P001180,김도균,문인,한국
P001181,김도미혜자,문인,한국
P001182,김도빈,문인,한국
P001183,김도성,문인,한국
P001184,김도수,문인,한국
P001185,김도심,문인,한국
P001186,김도인,문인,한국
P001187,김도촌,문인,한국
P001188,김도태,문인,한국
P001189,김도현,문인,한국
P001190,김독영,문인,한국
P001191,김돈희,문인,한국
P001192,김동,문인,한국
P001193,김동건,문인,한국
P001194,김동길,문인,한국
P001195,김동락,문인,한국
P001196,김동리,문인,한국
P001197,김동명,문인,한국
P001198,김동민,문인,한국
P001199,김동석,문인,한국
P001200,김동선,문인,한국
P001201,김동섭,문인,한국
P001202,김동성,문인,한국
P001203,김동수,문인,한국
P001204,김동숙,문인,한국
P001205,김동순,문인,한국
P001206,김동식,문인,한국
P001207,김동연,문인,한국
P001208,김동옥,문인,한국
P001209,김동원,문인,한국
P001210,김동이,문인,한국
P001211,김동인,문인,한국
P001212,김동인작,문인,한국
P001213,김동일,문인,한국
P001214,김동종,문인,한국
P001215,김동주,문인,한국
P001216,김동준,문인,한국
P001217,김동진,문인,한국
P001218,김동천,문인,한국
P001219,김동철,문인,한국
P001220,김동한,문인,한국
P001221,김동혁,연극인,한국
P001222,김동현,문인,한국
P001223,김동형,문인,한국
P001224,김동호,문인,한국
P001225,김동환,문인,한국
P001226,김동훈,문인,한국
P001227,김두,문인,한국
P001228,김두기,문인,한국
P001229,김두백,문인,한국
P001230,김두봉,문인,한국
P001231,김두수,문인,한국
P001232,김두식,문인,한국
P001233,김두연,문인,한국
P001234,김두용,문인,한국
P001235,김두제,미술가,한국
P001236,김두헌,학자,한국
P001237,김두환,미술가,한국
P001238,김득,문인,한국
P001239,김득일,문인,한국
P001240,김득필,문인,한국
P001241,김득황,문인,한국
P001242,김락환,문인,한국
P001243,김란,문인,한국
P001244,김란순,문인,한국
P001245,김람인,문인,한국
P001246,김려순,문인,한국
P001247,김려식,문인,한국
P001248,김려창,문인,한국
P001249,김련,문인,한국
P001250,김로다,,한국
P001251,김로야,문인,한국
P001252,김록,문인,한국
P001253,김룡삼,,한국
P001254,김륙인,문인,한국
P001255,김릉인,문인,한국
P001256,김리군,문인,한국
P001257,김리석,문인,한국
P001258,김리초,문인,한국
P001259,김린경,문인,한국
P001260,김린서,문인,한국
P001261,김림,문인,한국
P001262,김림호,문인,한국
P001263,김마르다,문인,한국
P001264,김마리,문인,한국
P001265,김마리다,문인,한국
P001266,김막,문인,한국
P001267,김만,문인,한국
P001268,김만산,문인,한국
P001269,김만석,문인,한국
P001270,김만수,음악가,한국
P001271,김만영,문인,한국
P001272,김만우,문인,한국
P001273,김만조,문인,한국
P001274,김만춘,문인,한국
P001275,김만형,미술가,한국
P001276,김말봉,문인,한국
P001277,김말성,문인,한국
P001278,김말순,문인,한국
P001279,김매리,음악가,한국
P001280,김매산,문인,한국
P001281,김맹,문인,한국
P001282,김면영,문인,한국
P001283,김면오,문인,한국
P001284,김면욱,문인,한국
P001285,김면제,문인,한국
P001286,김명,문인,한국
P001287,김명겸,문인,한국
P001288,김명기,문인,한국
P001289,김명길,문인,한국
P001290,김명덕,문인,한국
P001291,김명배,문인,한국
P001292,김명선,문인,한국
P001293,김명섭,문인,한국
P001294,김명수,문인,한국
P001295,김명숙,문인,한국
P001296,김명순,음악가,한국
P001297,김명식,문인,한국
P001298,김명연,문인,한국
P001299,김명엽,문인,한국
P001300,김명원,문인,한국
P001301,김명자,문인,한국
P001302,김명직,문인,한국
P001303,김명학,문인,한국
P001304,김명혁,문인,한국
P001305,김명현,문인,한국
P001306,김명호,문인,한국
P001307,김명화,문인,한국
P001308,김명환,문인,한국
P001309,김명희,문인,한국
P001310,김모보,문인,한국
P001311,김목생,문인,한국
P001312,김몽기,문인,한국
P001313,김몽수,문인,한국
P001314,김몽슈,문인,한국
P001315,김무길,문인,한국
P001316,김무삼,,한국
P001317,김무언,문인,한국
P001318,김문,문인,한국
P001319,김문국,문인,한국
P001320,김문기,문인,한국
P001321,김문범,문인,한국
P001322,김문보,음악가,한국
P001323,김문봉,문인,한국
P001324,김문식,연극인,한국
P001325,김문약,문인,한국
P001326,김문준,문인,한국
P001327,김문집,문인,한국
P001328,김문철,문인,한국
P001329,김문한,문인,한국
P001330,김문현,,한국
P001331,김문홍,문인,한국
P001332,김문희,문인,한국
P001333,김미랑,문인,한국
P001334,김미리사,문인,한국
P001335,김민,문인,한국
P001336,김바오로,,한국
P001337,김반배,문인,한국
P001338,김방훈,문인,한국
P001339,김백당,문인,한국
P001340,김백산,문인,한국
P001341,김범도,문인,한국
P001342,김법,문인,한국
P001343,김법린,문인,한국
P001344,김벽파,문인,한국
P001345,김병,문인,한국
P001346,김병국,문인,한국
P001347,김병권,문인,한국
P001348,김병규,문인,한국
P001349,김병기,미술가,한국
P001350,김병길,문인,한국
P001351,김병득,음악가,한국
P001352,김병렬,,한국
P001353,김병로,문인,한국
P001354,김병록,문인,한국
P001355,김병률,문인,한국
P001356,김병선,문인,한국
P001357,김병순,문인,한국
P001358,김병식,문인,한국
P001359,김병우,문인,한국
P001360,김병운,문인,한국
P001361,김병일,,한국
P001362,김병재,문인,한국
P001363,김병제,문인,한국
P001364,김병조,문인,한국
P001365,김병준,문인,한국
P001366,김병태,문인,한국
P001367,김병필,문인,한국
P001368,김병하,문인,한국
P001369,김병호,문인,한국
P001370,김병화,문인,한국
P001371,김보,문인,한국
P001372,김보경,문인,한국
P001373,김보린,문인,한국
P001374,김보섭,문인,한국
P001375,김보영,문인,한국
P001376,김복,문인,한국
P001377,김복남,문인,한국
P001378,김복동,문인,한국
P001379,김복락,문인,한국
P001380,김복룡,문인,한국
P001381,김복림,문인,한국
P001382,김복실,문인,한국
P001383,김복인,문인,한국
P001384,김복진,미술가,한국
P001385,김본영숙,문인,한국
P001386,김봉,문인,한국
P001387,김봉국,문인,한국
P001388,김봉권,문인,한국
P001389,김봉규,문인,한국
P001390,김봉면,문인,한국
P001391,김봉석,음악가,한국
P001392,김봉옥,문인,한국
P001393,김봉용,문인,한국
P001394,김봉인,문인,한국
P001395,김봉준,문인,한국
P001396,김봉현,문인,한국
P001397,김봉호,문인,한국
P001398,김봉화,문인,한국
P001399,김봉희,문인,한국
P001400,김부순,문인,한국
P001401,김북두,문인,한국
P001402,김북운,문인,한국
P001403,김북원,문인,한국
P001404,김북향,문인,한국
P001405,김비로,문인,한국
P001406,김사,문인,한국
P001407,김사국,문인,한국
P001408,김사량,문인,한국
P001409,김사엽,문인,한국
P001410,김사영,문인,한국
P001411,김사원,문인,한국
P001412,김사일,문인,한국
P001413,김사천,문인,한국
P001414,김산,문인,한국
P001415,김산목,음악가,한국
P001416,김산병철,음악가,한국
P001417,김산봉,음악가,한국
P001418,김산월,문인,한국
P001419,김산장한,문인,한국
P001420,김산천,문인,한국
P001421,김삼,문인,한국
P001422,김삼규,문인,한국
P001423,김삼남,문인,한국
P001424,김삼불,문인,한국
P001425,김삼빈,문인,한국
P001426,김삼소,문인,한국
P001427,김삼엽,문인,한국
P001428,김상,문인,한국
P001429,김상기,문인,한국
P001430,김상덕,문인,한국
P001431,김상돈,문인,한국
P001432,김상명,문인,한국
P001433,김상민,문인,한국
P001434,김상박,문인,한국
P001435,김상설,문인,한국
P001436,김상수,문인,한국
P001437,김상식,문인,한국
P001438,김상아,문인,한국
P001439,김상암,문인,한국
P001440,김상오,문인,한국
P001441,김상옥,문인,한국
P001442,김상용,문인,한국
P001443,김상우,문인,한국
P001444,김상욱,문인,한국
P001445,김상운,문인,한국
P001446,김상원,문인,한국
P001447,김상윤,문인,한국
P001448,김상은,문인,한국
P001449,김상익,문인,한국
P001450,김상정,문인,한국
P001451,김상준,문인,한국
P001452,김상철,문인,한국
P001453,김상출,문인,한국
P001454,김상칠,문인,한국
P001455,김상호,문인,한국
P001456,김상회,문인,한국
P001457,김생,문인,한국
P001458,김서,문인,한국
P001459,김서삼,문인,한국
P001460,김서애,문인,한국
P001461,김서월,문인,한국
P001462,김서촌,문인,한국
P001463,김서호,문인,한국
P001464,김석,음악가,한국
P001465,김석곤,문인,한국
P001466,김석규,문인,한국
P001467,김석균,문인,한국
P001468,김석담,문인,한국
P001469,김석룡,미술가,한국
P001470,김석산,문인,한국
P001471,김석수,문인,한국
P001472,김석술,문인,한국
P001473,김석숭,문인,한국
P001474,김석애,문인,한국
P001475,김석영,미술가,한국
P001476,김석조,문인,한국
P001477,김석준,문인,한국
P001478,김석철,문인,한국
P001479,김석호,문인,한국
P001480,김석환,문인,한국
P001481,김석훈,문인,한국
P001482,김석희,문인,한국
P001483,김선,문인,한국
P001484,김선기,문인,한국
P001485,김선녀,문인,한국
P001486,김선부,문인,한국
P001487,김선애,문인,한국
P001488,김선여,문인,한국
P001489,김선초,문인,한국
P001490,김선홍,문인,한국
P001491,김선환,문인,한국
P001492,김선희,문인,한국
P001493,김설강,문인,한국
P001494,김설봉,문인,한국
P001495,김설옥,문인,한국
P001496,김섭,문인,한국
P001497,김섭곤,문인,한국
P001498,김성,문인,한국
P001499,김성균,,한국
P001500,김성근,문인,한국
P001501,김성대,문인,한국
P001502,김성덕,문인,한국
P001503,김성도,문인,한국
P001504,김성룡,문인,한국
P001505,김성률,문인,한국
P001506,김성마,문인,한국
P001507,김성목,문인,한국
P001508,김성묵,문인,한국
P001509,김성문,문인,한국
P001510,김성민,문인,한국
P001511,김성배,문인,한국
P001512,김성복,문인,한국
P001513,김성봉,문인,한국
P001514,김성생,문인,한국
P001515,김성수,문인,한국
P001516,김성식,문인,한국
P001517,김성실,문인,한국
P001518,김성암,미술가,한국
P001519,김성업,문인,한국
P001520,김성여,문인,한국
P001521,김성완,문인,한국
P001522,김성원,문인,한국
P001523,김성재,문인,한국
P001524,김성주,문인,한국
P001525,김성준,문인,한국
P001526,김성진,음악가,한국
P001527,김성집,문인,한국
P001528,김성철,문인,한국
P001529,김성춘,문인,한국
P001530,김성칠,문인,한국
P001531,김성태,음악가,한국
P001532,김성파,문인,한국
P001533,김성학,문인,한국
P001534,김성호,문인,한국
P001535,김성환,문인,한국
P001536,김성희,문인,한국
P001537,김세균,문인,한국
P001538,김세성,문인,한국
P001539,김세연,문인,한국
P001540,김세용,문인,한국
P001541,김세원,문인,한국
P001542,김세종,문인,한국
P001543,김세진,문인,한국
P001544,김세형,음악가,한국
P001545,김세환,문인,한국
P001546,김소강,문인,한국
P001547,김소곡,문인,한국
P001548,김소석,문인,한국
P001549,김소숙,문인,한국
P001550,김소순,문인,한국
P001551,김소엽,문인,한국
P001552,김소영,문인,한국
P001553,김소운,문인,한국
P001554,김소원,문인,한국
P001555,김소월,문인,한국
P001556,김소월유고,문인,한국
P001557,김소저,문인,한국
P001558,김소춘,문인,한국
P001559,김소하,문인,한국
P001560,김소해,문인,한국
P001561,김소현,문인,한국
P001562,김송강,문인,한국
P001563,김송사,문인,한국
P001564,김송사장,문인,한국
P001565,김송은,문인,한국
P001566,김송작,문인,한국
P001567,김송죽,문인,한국
P001568,김수,문인,한국
P001569,김수기,문인,한국
P001570,김수길,문인,한국
P001571,김수돈,문인,한국
P001572,김수릉,문인,한국
P001573,김수만,문인,한국
P001574,김수명,문인,한국
P001575,김수봉,문인,한국
P001576,김수석,문인,한국
P001577,김수성,문인,한국
P001578,김수영,문인,한국
P001579,김수월,문인,한국
P001580,김수임,문인,한국
P001581,김수정,문인,한국
P001582,김수종,문인,한국
P001583,김수진,문인,한국
P001584,김수탁,문인,한국
P001585,김수한,문인,한국
P001586,김수향,문인,한국
P001587,김수홍,문인,한국
P001588,김수효,문인,한국
P001589,김숙,문인,한국
P001590,김숙자,문인,한국
P001591,김숙희,문인,한국
P001592,김순,문인,한국
P001593,김순경,문인,한국
P001594,김순교,문인,한국
P001595,김순녀,문인,한국
P001596,김순득,문인,한국
P001597,김순례,문인,한국
P001598,김순명,문인,한국
P001599,김순배,문인,한국
P001600,김순석,문인,한국
P001601,김순애,문인,한국
P001602,김순영,문인,한국
P001603,김순옥,문인,한국
P001604,김순정,문인,한국
P001605,김순평,문인,한국
P001606,김순현,문인,한국
P001607,김순형,문인,한국
P001608,김순희,문인,한국
P001609,김슌영,,한국
P001610,김승구,문인,한국
P001611,김승도,문인,한국
P001612,김승묵,문인,한국
P001613,김승식,문인,한국
P001614,김승일,문인,한국
P001615,김승진,,한국
P001616,김승하,문인,한국
P001617,김승현,문인,한국
P001618,김시,문인,한국
P001619,김시경,문인,한국
P001620,김시바,문인,한국
P001621,김시중,문인,한국
P001622,김시창,문인,한국
P001623,김시호,문인,한국
P001624,김시환,문인,한국
P001625,김시훈,문인,한국
P001626,김식,문인,한국
P001627,김신강,문인,한국
P001628,김신길,문인,한국
P001629,김신묵,문인,한국
P001630,김신서,문인,한국
P001631,김신실,문인,한국
P001632,김신애,문인,한국
P001633,김신영,문인,한국
P001634,김신재,문인,한국
P001635,김실,문인,한국
P001636,김심농,문인,한국
P001637,김아각,문인,한국
P001638,김아리,문인,한국
P001639,김아청,문인,한국
P001640,김악자,문인,한국
P001641,김안실,문인,한국
P001642,김암,문인,한국
P001643,김애근,문인,한국
P001644,김애다,문인,한국
P001645,김애순,문인,한국
P001646,김애식,문인,한국
P001647,김애은,문인,한국
P001648,김앤이,,한국
P001649,김야인,문인,한국
P001650,김야적,문인,한국
P001651,김약봉,문인,한국
P001652,김약수,문인,한국
P001653,김양,문인,한국
P001654,김양봉,문인,한국
P001655,김양석,문인,한국
P001656,김양춘,문인,한국
P001657,김어수,문인,한국
P001658,김억,문인,한국
P001659,김억구술,문인,한국
P001660,김억역,문인,한국
P001661,김억외,문인,한국
P001662,김여광,문인,한국
P001663,김여산,문인,한국
P001664,김여수,미술가,한국
P001665,김여제,문인,한국
P001666,김연배,문인,한국
P001667,김연식,문인,한국
P001668,김연일,문인,한국
P001669,김연한,문인,한국
P001670,김연호,문인,한국
P001671,김엽,문인,한국
P001672,김엽주,문인,한국
P001673,김영,문인,한국
P001674,김영건,문인,한국
P001675,김영관,연극인,한국
P001676,김영구,문인,한국
P001677,김영국,문인,한국
P001678,김영규,문인,한국
P001679,김영기,문인,한국
P001680,김영길,문인,한국
P001681,김영덕,문인,한국
P001682,김영랑,문인,한국
P001683,김영록,문인,한국
P001684,김영만,문인,한국
P001685,김영민,문인,한국
P001686,김영범,문인,한국
P001687,김영보,문인,한국
P001688,김영석,문인,한국
P001689,김영성,음악가,한국
P001690,김영소,문인,한국
P001691,김영수,문인,한국
P001692,김영숙,문인,한국
P001693,김영순,문인,한국
P001694,김영술,문인,한국
P001695,김영식,문인,한국
P001696,김영신,문인,한국
P001697,김영아,문인,한국
P001698,김영애,문인,한국
P001699,김영옥,문인,한국
P001700,김영운,문인,한국
P001701,김영의,문인,한국
P001702,김영일,문인,한국
P001703,김영자,문인,한국
P001704,김영제,문인,한국
P001705,김영조,,한국
P001706,김영종,문인,한국
P001707,김영주,문인,한국
P001708,김영준,문인,한국
P001709,김영증,문인,한국
P001710,김영진,문인,한국
P001711,김영찬,문인,한국
P001712,김영철,문인,한국
P001713,김영탁,문인,한국
P001714,김영태,문인,한국
P001715,김영택,문인,한국
P001716,김영팔,연극인,한국
P001717,김영하,음악가,한국
P001718,김영현,문인,한국
P001719,김영호,미술가,한국
P001720,김영홍,문인,한국
P001721,김영화,연극인,한국
P001722,김영환,음악가,한국
P001723,김영훈,음악가,한국
P001724,김영휘,문인,한국
P001725,김영흡,문인,한국
P001726,김영희,문인,한국
P001727,김예지,문인,한국
P001728,김오,문인,한국
P001729,김오곤,문인,한국
P001730,김오남,문인,한국
P001731,김오성,문인,한국
P001732,김옥,문인,한국
P001733,김옥교,문인,한국
P001734,김옥균,문인,한국
P001735,김옥남,문인,한국
P001736,김옥라,문인,한국
P001737,김옥련,문인,한국
P001738,김옥봉,문인,한국
P001739,김옥분,문인,한국
P001740,김옥빈,문인,한국
P001741,김옥산,문인,한국
P001742,김옥선,문인,한국
P001743,김옥성,문인,한국
P001744,김옥순,문인,한국
P001745,김옥엽,문인,한국
P001746,김온,문인,한국
P001747,김온역,문인,한국
P001748,김완식,문인,한국
P001749,김요섭,문인,한국
P001750,김요셥,,한국
P001751,김요파,문인,한국
P001752,김용,문인,한국
P001753,김용각,문인,한국
P001754,김용갑,문인,한국
P001755,김용관,운동가,한국
P001756,김용난,문인,한국
P001757,김용대,문인,한국
P001758,김용득,문인,한국
P001759,김용무,문인,한국
P001760,김용문,문인,한국
P001761,김용백,문인,한국
P001762,김용세,문인,한국
P001763,김용연,문인,한국
P001764,김용운,,한국
P001765,김용자,음악가,한국
P001766,김용제,문인,한국
P001767,김용주역,문인,한국
P001768,김용준,미술가,한국
P001769,김용진,,한국
P001770,김용채,문인,한국
P001771,김용태,문인,한국
P001772,김용협,문인,한국
P001773,김용호,문인,한국
P001774,김용활,문인,한국
P001775,김우길,문인,한국
P001776,김우범,문인,한국
P001777,김우석,문인,한국
P001778,김우섭,문인,한국
P001779,김우성,문인,한국
P001780,김우영,정치인,한국
P001781,김우진,문인,한국
P001782,김우철,문인,한국
P001783,김우춘,문인,한국
P001784,김우평,문인,한국
P001785,김우한,문인,한국
P001786,김우현,문인,한국
P001787,김욱,문인,한국
P001788,김운,문인,한국
P001789,김운강,문인,한국
P001790,김운길,문인,한국
P001791,김운뎡,문인,한국
P001792,김운림,문인,한국
P001793,김운정,문인,한국
P001794,김운종,문인,한국
P001795,김운파,문인,한국
P001796,김운포,문인,한국
P001797,김운화,문인,한국
P001798,김웅,문인,한국
P001799,김웅규,문인,한국
P001800,김웅렬,문인,한국
P001801,김원,문인,한국
P001802,김원(진),미술가,한국
P001803,김원갑,문인,한국
P001804,김원강,문인,한국
P001805,김원경,문인,한국
P001806,김원권,문인,한국
P001807,김원근,문인,한국
P001808,김원담,문인,한국
P001809,김원동,문인,한국
P001810,김원림,문인,한국
P001811,김원문,문인,한국
P001812,김원배,문인,한국
P001813,김원벽,문인,한국
P001814,김원복,음악가,한국
P001815,김원봉,,한국
P001816,김원석,문인,한국
P001817,김원숙,문인,한국
P001818,김원순,문인,한국
P001819,김원우,문인,한국
P001820,김원제,문인,한국
P001821,김원주,문인,한국
P001822,김원지,문인,한국
P001823,김원진,문인,한국
P001824,김원찬,문인,한국
P001825,김원철,문인,한국
P001826,김원호,문인,한국
P001827,김원환,문인,한국
P001828,김월,문인,한국
P001829,김월국,문인,한국
P001830,김월낭,문인,한국
P001831,김월록,문인,한국
P001832,김월봉,문인,한국
P001833,김월성,문인,한국
P001834,김월향,문인,한국
P001835,김유,문인,한국
P001836,김유기,문인,한국
P001837,김유랑,문인,한국
P001838,김유섭,문인,한국
P001839,김유순,문인,한국
P001840,김유식,문인,한국
P001841,김유신,문인,한국
P001842,김유애,문인,한국
P001843,김유연,문인,한국
P001844,김유영,문인,한국
P001845,김유옥,문인,한국
P001846,김유정,문인,한국
P001847,김유탁,문인,한국
P001848,김유학,음악가,한국
P001849,김윤,문인,한국
P001850,김윤경,문인,한국
P001851,김윤모,문인,한국
P001852,김윤산,문인,한국
P001853,김윤석,문인,한국
P001854,김윤성,문인,한국
P001855,김윤수,문인,한국
P001856,김윤숙,문인,한국
P001857,김윤식,문인,한국
P001858,김윤영,문인,한국
P001859,김윤오,문인,한국
P001860,김윤우,문인,한국
P001861,김윤정,문인,한국
P001862,김윤환,문인,한국
P001863,김은덕,문인,한국
P001864,김은돌,,한국
P001865,김은병,문인,한국
P001866,김은상,문인,한국
P001867,김은성,문인,한국
P001868,김은숙,문인,한국
P001869,김은순,,한국
P001870,김은야,문인,한국
P001871,김은엽,문인,한국
P001872,김은월,문인,한국
P001873,김은주,문인,한국
P001874,김은찬,음악가,한국
P001875,김은하,문인,한국
P001876,김은호,문인,한국
P001877,김은희,문인,한국
P001878,김을,문인,한국
P001879,김을량,문인,한국
P001880,김을백,문인,한국
P001881,김을심,문인,한국
P001882,김을한,문인,한국
P001883,김응,문인,한국
P001884,김응방,문인,한국
P001885,김응신,문인,한국
P001886,김응윤,문인,한국
P001887,김응제,문인,한국
P001888,김응주,문인,한국
P001889,김응진,미술가,한국
P001890,김응집,문인,한국
P001891,김응천,문인,한국
P001892,김응표,미술가,한국
P001893,김응한,문인,한국
P001894,김응호,문인,한국
P001895,김의경,미술가,한국
P001896,김의동,음악가,한국
P001897,김의성,문인,한국
P001898,김의수,문인,한국
P001899,김의신,문인,한국
P001900,김의용,문인,한국
P001901,김의전,문인,한국
P001902,김의진,문인,한국
P001903,김의호,문인,한국
P001904,김이달,문인,한국
P001905,김이보,,한국
P001906,김이삼,문인,한국
P001907,김이자,문인,한국
P001908,김이초,문인,한국
P001909,김이호,문인,한국
P001910,김익두,문인,한국
P001911,김익배,문인,한국
P001912,김익복,문인,한국
P001913,김익부,문인,한국
P001914,김익수,문인,한국
P001915,김익순,문인,한국
P001916,김익용,문인,한국
P001917,김익중,문인,한국
P001918,김인,문인,한국
P001919,김인규,배우,한국
P001920,김인봉,문인,한국
P001921,김인손,문인,한국
P001922,김인수,문인,한국
P001923,김인숙,문인,한국
P001924,김인순,문인,한국
P001925,김인승,미술가,한국
P001926,김인식,문인,한국
P001927,김인영,문인,한국
P001928,김인해,문인,한국
P001929,김인화,문인,한국
P001930,김인환,문인,한국
P001931,김인희,문인,한국
P001932,김일,문인,한국
P001933,김일검,문인,한국
P001934,김일규,문인,한국
P001935,김일균,문인,한국
P001936,김일범,문인,한국
P001937,김일봉,문인,한국
P001938,김일석,문인,한국
P001939,김일선,문인,한국
P001940,김일성,문인,한국
P001941,김일순,문인,한국
P001942,김일암,문인,한국
P001943,김일애,문인,한국
P001944,김일영,문인,한국
P001945,김일우,문인,한국
P001946,김일천,문인,한국
P001947,김일청,문인,한국
P001948,김일출,문인,한국
P001949,김일편,문인,한국
P001950,김일평,문인,한국
P001951,김일풍,문인,한국
P001952,김일한,문인,한국
P001953,김일해,문인,한국
P001954,김자,문인,한국
P001955,김자경,문인,한국
P001956,김자동,문인,한국
P001957,김자문자,문인,한국
P001958,김자은,문인,한국
P001959,김자평역,문인,한국
P001960,김자헤,문인,한국
P001961,김자혜,문인,한국
P001962,김장권,문인,한국
P001963,김장련,문인,한국
P001964,김장술,문인,한국
P001965,김장원,문인,한국
P001966,김장환,문인,한국
P001967,김장희,문인,한국
P001968,김재계,문인,한국
P001969,김재교,문인,한국
P001970,김재귀,문인,한국
P001971,김재근,문인,한국
P001972,김재석,미술가,한국
P001973,김재선,미술가,한국
P001974,김재소,문인,한국
P001975,김재수,문인,한국
P001976,김재순,문인,한국
P001977,김재원,문인,한국
P001978,김재은,문인,한국
P001979,김재익,문인,한국
P001980,김재주,,한국
P001981,김재준,문인,한국
P001982,김재철,문인,한국
P001983,김재택,문인,한국
P001984,김재형,문인,한국
P001985,김재홍,문인,한국
P001986,김재훈,음악가,한국
P001987,김재희,문인,한국
P001988,김적아,문인,한국
P001989,김절수,문인,한국
P001990,김정,문인,한국
P001991,김정경,문인,한국
P001992,김정관,문인,한국
P001993,김정구,문인,한국
P001994,김정국,문인,한국
P001995,김정규,문인,한국
P001996,김정기,출판자,한국
P001997,김정길,문인,한국
P001998,김정담,문인,한국
P001999,김정도,문인,한국
P002000,김정명,문인,한국
P002001,김정배,문인,한국
P002002,김정빈,문인,한국
P002003,김정서,문인,한국
P002004,김정석,문인,한국
P002005,김정선,문인,한국
P002006,김정설,문인,한국
P002007,김정섭,문인,한국
P002008,김정수,문인,한국
P002009,김정숙,문인,한국
P002010,김정순,문인,한국
P002011,김정식,문인,한국
P002012,김정실,문인,한국
P002013,김정업,문인,한국
P002014,김정역,문인,한국
P002015,김정연,문인,한국
P002016,김정영,문인,한국
P002017,김정옥,문인,한국
P002018,김정완,문인,한국
P002019,김정원,문인,한국
P002020,김정인,문인,한국
P002021,김정임,문인,한국
P002022,김정자,문인,한국
P002023,김정제,문인,한국
P002024,김정주,문인,한국
P002025,김정준,문인,한국
P002026,김정채,미술가,한국
P002027,김정한,문인,한국
P002028,김정혁,영화인,한국
P002029,김정호,문인,한국
P002030,김정환,문인,한국
P002031,김정황,문인,한국
P002032,김정희,문인,한국
P002033,김제,문인,한국
P002034,김제모,문인,한국
P002035,김제영,문인,한국
P002036,김제헌,문인,한국
P002037,김조규,문인,한국
P002038,김조인,문인,한국
P002039,김조풍,문인,한국
P002040,김종,문인,한국
P002041,김종국,문인,한국
P002042,김종기,문인,한국
P002043,김종대,문인,한국
P002044,김종덕,문인,한국
P002045,김종량,문인,한국
P002046,김종명,문인,한국
P002047,김종서,문인,한국
P002048,김종성,문인,한국
P002049,김종수,문인,한국
P002050,김종식,미술가,한국
P002051,김종신,문인,한국
P002052,김종실,미술가,한국
P002053,김종연,미술가,한국
P002054,김종우,문인,한국
P002055,김종인,문인,한국
P002056,김종찬,미술가,한국
P002057,김종철,문인,한국
P002058,김종태,문인,한국
P002059,김종필,문인,한국
P002060,김종하,미술가,한국
P002061,김종한,문인,한국
P002062,김종현,미술가,한국
P002063,김종협,문인,한국
P002064,김종환,음악가,한국
P002065,김종희,문인,한국
P002066,김좌건,문인,한국
P002067,김좌기,문인,한국
P002068,김주,문인,한국
P002069,김주경,문인,한국
P002070,김주원,문인,한국
P002071,김주월,문인,한국
P002072,김주항,문인,한국
P002073,김주환,문인,한국
P002074,김죽심,문인,한국
P002075,김준,문인,한국
P002076,김준강,문인,한국
P002077,김준길,문인,한국
P002078,김준문,문인,한국
P002079,김준상,문인,한국
P002080,김준성,문인,한국
P002081,김준수,문인,한국
P002082,김준연,문인,한국
P002083,김준엽,문인,한국
P002084,김준영,문인,한국
P002085,김준옥,문인,한국
P002086,김준황,문인,한국
P002087,김중,문인,한국
P002088,김중건,문인,한국
P002089,김중겸,문인,한국
P002090,김중곤,문인,한국
P002091,김중규,문인,한국
P002092,김중만,문인,한국
P002093,김중보,문인,한국
P002094,김중복,문인,한국
P002095,김중원,문인,한국
P002096,김중현,문인,한국
P002097,김중희,문인,한국
P002098,김쥬,문인,한국
P002099,김증달,문인,한국
P002100,김지롱,문인,한국
P002101,김지림,문인,한국
P002102,김지상,문인,한국
P002103,김지수,문인,한국
P002104,김지연,문인,한국
P002105,김지원,문인,한국
P002106,김지환,문인,한국
P002107,김지효,문인,한국
P002108,김진,문인,한국
P002109,김진경,문인,한국
P002110,김진구,문인,한국
P002111,김진극,문인,한국
P002112,김진문,문인,한국
P002113,김진봉,문인,한국
P002114,김진석,문인,한국
P002115,김진섭,문인,한국
P002116,김진성,문인,한국
P002117,김진세,문인,한국
P002118,김진수,문인,한국
P002119,김진숙,문인,한국
P002120,김진영,문인,한국
P002121,김진오,문인,한국
P002122,김진옥,문인,한국
P002123,김진욱,문인,한국
P002124,김진원,학자,한국
P002125,김진정,문인,한국
P002126,김진주,문인,한국
P002127,김진태,문인,한국
P002128,김진표,문인,한국
P002129,김진학,문인,한국
P002130,김진한,문인,한국
P002131,김진현,문인,한국
P002132,김진호,문인,한국
P002133,김진홍,문인,한국
P002134,김진화,,한국
P002135,김징,문인,한국
P002136,김차영,문인,한국
P002137,김찬,문인,한국
P002138,김찬문,문인,한국
P002139,김찬성,문인,한국
P002140,김찬순,문인,한국
P002141,김찬승,문인,한국
P002142,김찬영,미술가,한국
P002143,김창강,문인,한국
P002144,김창곤,문인,한국
P002145,김창기,문인,한국
P002146,김창남,음악가,한국
P002147,김창덕,문인,한국
P002148,김창락,미술가,한국
P002149,김창렬,문인,한국
P002150,김창문,문인,한국
P002151,김창배,문인,한국
P002152,김창복,미술가,한국
P002153,김창석,문인,한국
P002154,김창선,문인,한국
P002155,김창섭,미술가,한국
P002156,김창세,문인,한국
P002157,김창수,문인,한국
P002158,김창술,문인,한국
P002159,김창승,문인,한국
P002160,김창식,문인,한국
P002161,김창억,미술가,한국
P002162,김창은,문인,한국
P002163,김창일역,문인,한국
P002164,김창제,학자,한국
P002165,김창주,문인,한국
P002166,김창준,문인,한국
P002167,김창집,문인,한국
P002168,김창초,문인,한국
P002169,김창훈,문인,한국
P002170,김창희,문인,한국
P002171,김채근,문인,한국
P002172,김채란,문인,한국
P002173,김채봉,문인,한국
P002174,김천,문인,한국
P002175,김천규,문인,한국
P002176,김천균,문인,한국
P002177,김천덕,문인,한국
P002178,김천일,문인,한국
P002179,김철,문인,한국
P002180,김철구,문인,한국
P002181,김철동,문인,한국
P002182,김철묵,문인,한국
P002183,김철민,문인,한국
P002184,김철산,문인,한국
P002185,김철수,문인,한국
P002186,김철오,문인,한국
P002187,김철용,문인,한국
P002188,김철웅,문인,한국
P002189,김철원,문인,한국
P002190,김철진,문인,한국
P002191,김철하,문인,한국
P002192,김철해,문인,한국
P002193,김철화,문인,한국
P002194,김첨,문인,한국
P002195,김청강,문인,한국
P002196,김청담,문인,한국
P002197,김청송,문인,한국
P002198,김청춘,문인,한국
P002199,김청풍,문인,한국
P002200,김초,문인,한국
P002201,김초민,문인,한국
P002202,김촌,문인,한국
P002203,김추강,문인,한국
P002204,김추관,문인,한국
P002205,김춘,문인,한국
P002206,김춘강,문인,한국
P002207,김춘경,문인,한국
P002208,김춘곡,문인,한국
P002209,김춘배,문인,한국
P002210,김춘범,문인,한국
P002211,김춘섬,문인,한국
P002212,김춘성,문인,한국
P002213,김춘식,문인,한국
P002214,김춘악,문인,한국
P002215,김춘영,문인,한국
P002216,김춘탄,문인,한국
P002217,김춘향,문인,한국
P002218,김춘화,,한국
P002219,김춘희,문인,한국
P002220,김충선,문인,한국
P002221,김충의,음악가,한국
P002222,김취,문인,한국
P002223,김취려,문인,한국
P002224,김취성,,한국
P002225,김치묵,문인,한국
P002226,김치백,문인,한국
P002227,김치식,문인,한국
P002228,김치원,문인,한국
P002229,김칠권,문인,한국
P002230,김탁운,문인,한국
P002231,김탁원,문인,한국
P002232,김탄,문인,한국
P002233,김태,문인,한국
P002234,김태덕,문인,한국
P002235,김태득,문인,한국
P002236,김태린,문인,한국
P002237,김태삼,미술가,한국
P002238,김태선,문인,한국
P002239,김태성,문인,한국
P002240,김태수,문인,한국
P002241,김태영,문인,한국
P002242,김태오,문인,한국
P002243,김태운,문인,한국
P002244,김태원,문인,한국
P002245,김태윤,문인,한국
P002246,김태은,문인,한국
P002247,김태인,문인,한국
P002248,김태임,문인,한국
P002249,김태준,문인,한국
P002250,김태진,연극인,한국
P002251,김태협,문인,한국
P002252,김태호,문인,한국
P002253,김태화,문인,한국
P002254,김태흡,학자,한국
P002255,김태희,문인,한국
P002256,김태히,문인,한국
P002257,김택도,문인,한국
P002258,김택윤,문인,한국
P002259,김파생,문인,한국
P002260,김파영,문인,한국
P002261,김파우,문인,한국
P002262,김파인,,한국
P002263,김팔,문인,한국
P002264,김팔련,문인,한국
P002265,김평산,문인,한국
P002266,김평해,문인,한국
P002267,김포백,문인,한국
P002268,김풍악,문인,한국
P002269,김필례,문인,한국
P002270,김필수,문인,한국
P002271,김필순,문인,한국
P002272,김필현,문인,한국
P002273,김하,문인,한국
P002274,김하건,미술가,한국
P002275,김하경,문인,한국
P002276,김하염,문인,한국
P002277,김하원,문인,한국
P002278,김하중,문인,한국
P002279,김하철,문인,한국
P002280,김학,문인,한국
P002281,김학모,문인,한국
P002282,김학보,문인,한국
P002283,김학선,문인,한국
P002284,김학수,미술가,한국
P002285,김학술,문인,한국
P002286,김학영,문인,한국
P002287,김학준,문인,한국
P002288,김한경,문인,한국
P002289,김한성,문인,한국
P002290,김한숙,문인,한국
P002291,김한용,문인,한국
P002292,김한일,문인,한국
P002293,김항규,문인,한국
P002294,김항복,문인,한국
P002295,김항아,문인,한국
P002296,김해,문인,한국
P002297,김해경송환,문인,한국
P002298,김해균,문인,한국
P002299,김해서,문인,한국
P002300,김해성,문인,한국
P002301,김해진,문인,한국
P002302,김해춘,문인,한국
P002303,김향식,문인,한국
P002304,김향원,문인,한국
P002305,김헌수,문인,한국
P002306,김헌식,문인,한국
P002307,김현,문인,한국
P002308,김현구,문인,한국
P002309,김현산,문인,한국
P002310,김현송,문인,한국
P002311,김현수,문인,한국
P002312,김현숙,문인,한국
P002313,김현순,문인,한국
P002314,김현승,문인,한국
P002315,김현식,문인,한국
P002316,김현실,문인,한국
P002317,김현옥,음악가,한국
P002318,김현조,문인,한국
P002319,김현주,문인,한국
P002320,김현준,문인,한국
P002321,김현철,문인,한국
P002322,김형구,미술가,한국
P002323,김형규,문인,한국
P002324,김형근,문인,한국
P002325,김형두,문인,한국
P002326,김형렬,문인,한국
P002327,김형록,문인,한국
P002328,김형민,문인,한국
P002329,김형삼,문인,한국
P002330,김형섭,문인,한국
P002331,김형식,문인,한국
P002332,김형옥,문인,한국
P002333,김형용,문인,한국
P002334,김형원,문인,한국
P002335,김형윤,문인,한국
P002336,김형준,문인,한국
P002337,김형태,문인,한국
P002338,김형호,문인,한국
P002339,김혜경,문인,한국
P002340,김혜란,문인,한국
P002341,김혜련,문인,한국
P002342,김혜수,문인,한국
P002343,김혜숙,문인,한국
P002344,김혜완,문인,한국
P002345,김혜원,문인,한국
P002346,김혜탄,문인,한국
P002347,김호,문인,한국
P002348,김호규,문인,한국
P002349,김호령,문인,한국
P002350,김호룡,음악가,한국
P002351,김호성,문인,한국
P002352,김호영,문인,한국
P002353,김호용,미술가,한국
P002354,김호원,문인,한국
P002355,김호월,문인,한국
P002356,김호준,미술가,한국
P002357,김호직,문인,한국
P002358,김홍,문인,한국
P002359,김홍국,문인,한국
P002360,김홍련,문인,한국
P002361,김홍만,문인,한국
P002362,김홍면,문인,한국
P002363,김홍모,문인,한국
P002364,김홍선,문인,한국
P002365,김홍성,문인,한국
P002366,김홍슌,문인,한국
P002367,김홍식,미술가,한국
P002368,김홍철,문인,한국
P002369,김홍초,문인,한국
P002370,김홍파,연극인,한국
P002371,김홍희,문인,한국
P002372,김화경,미술가,한국
P002373,김화산,문인,한국
P002374,김화산인,문인,한국
P002375,김화선,문인,한국
P002376,김화섭,문인,한국
P002377,김화일,,한국
P002378,김화전,문인,한국
P002379,김화청,문인,한국
P002380,김환,문인,한국
P002381,김환기,미술가,한국
P002382,김환덕,문인,한국
P002383,김환민,문인,한국
P002384,김환애,문인,한국
P002385,김환태,문인,한국
P002386,김활,문인,한국
P002387,김활란,,한국
P002388,김회원,문인,한국
P002389,김효국,문인,한국
P002390,김효성,문인,한국
P002391,김효애,문인,한국
P002392,김후식,문인,한국
P002393,김흥교,음악가,한국
P002394,김흥남,문인,한국
P002395,김흥수,미술가,한국
P002396,김흥엽,문인,한국
P002397,김흥제,문인,한국
P002398,김흥찬,문인,한국
P002399,김흥태,문인,한국
P002400,김흥행,문인,한국
P002401,김희,문인,한국
P002402,김희규,문인,한국
P002403,김희동,문인,한국
P002404,김희명,문인,한국
P002405,김희봉,문인,한국
P002406,김희선,문인,한국
P002407,김희완,문인,한국
P002408,김희운,문인,한국
P002409,김희재,문인,한국
P002410,김희정,문인,한국
P002411,김희창,문인,한국
P002412,깁병철,미술가,한국
P002413,꼬실이,문인,한국
P002414,꼿내,문인,한국
P002415,꽁꼼이,문인,한국
P002416,꽃뫼,,한국
P002417,꿈난간,문인,한국
P002418,끄레함,연극인,한국
P002419,끝뫼,문인,한국
P002420,나경석,문인,한국
P002421,나도향,문인,한국
P002422,나라사키 츠토무,미술가,일본
P002423,나석기,문인,한국
P002424,나운경,문인,한국
P002425,나운규,영화인,한국
P002426,나웅,연극인,한국
P002427,나카가와 요이치,미술가,일본
P002428,나카가와 키겐,미술가,일본
P002429,나카노 가즈타카,미술가,일본
P002430,나카무라 마사츠네,미술가,일본
P002431,나카무라 무라오,미술가,일본
P002432,나카야마 다카시,미술가,일본
P002433,나카지마 겐죠,미술가,일본
P002434,나카하라 히데히코,미술가,일본
P002435,나콜라이,문인,한국
P002436,나토리 다카시,학자,일본
P002437,나푸름,문인,한국
P002438,나향,문인,한국
P002439,나혜석,문인,한국
P002440,난,문인,한국
P002441,날파람,문인,한국
P002442,남경전,문인,한국
P002443,남경학인,문인,한국
P002444,남경호,문인,한국
P002445,남구학인,문인,한국
P002446,남국,문인,한국
P002447,남군,문인,한국
P002448,남궁,문인,한국
P002449,남궁경,문인,한국
P002450,남궁랑,문인,한국
P002451,남궁련,문인,한국
P002452,남궁령,문인,한국
P002453,남궁만,문인,한국
P002454,남궁벽,문인,한국
P002455,남궁선,문인,한국
P002456,남궁세원,문인,한국
P002457,남궁야인,문인,한국
P002458,남궁엽,문인,한국
P002459,남궁영,문인,한국
P002460,남궁요안나,문인,한국
P002461,남궁운,문인,한국
P002462,남궁원,문인,한국
P002463,남궁점룡,문인,한국
P002464,남궁춘,문인,한국
P002465,남궁향,문인,한국
P002466,남궁혁,문인,한국
P002467,남궁환,문인,한국
P002468,남기윤,문인,한국
P002469,남대시,문인,한국
P002470,남대우,문인,한국
P002471,남로생,문인,한국
P002472,남만희,문인,한국
P002473,남문향,문인,한국
P002474,남방인,문인,한국
P002475,남부웅,문인,한국
P002476,남북인,문인,한국
P002477,남사거사,문인,한국
P002478,남산생,문인,한국
P002479,남산송,문인,한국
P002480,남산인,문인,한국
P002481,남산현인,문인,한국
P002482,남상,문인,한국
P002483,남상덕,문인,한국
P002484,남상찬,문인,한국
P002485,남서우,문인,한국
P002486,남석종,문인,한국
P002487,남석진,문인,한국
P002488,남선하,문인,한국
P002489,남성생,문인,한국
P002490,남송,문인,한국
P002491,남수,문인,한국
P002492,남수월,문인,한국
P002493,남수희,문인,한국
P002494,남암부전,문인,한국
P002495,남양아,문인,한국
P002496,남양초,문인,한국
P002497,남영희,문인,한국
P002498,남외인,문인,한국
P002499,남우량,문인,한국
P002500,남우훈,문인,한국
P002501,남원,문인,한국
P002502,남월,문인,한국
P002503,남은수,문인,한국
P002504,남응손,문인,한국
P002505,남일,문인,한국
P002506,남재성,문인,한국
P002507,남정관,문인,한국
P002508,남정철,문인,한국
P002509,남정현인,문인,한국
P002510,남종,문인,한국
P002511,남종근,음악가,한국
P002512,남주,문인,한국
P002513,남쥬,문인,한국
P002514,남집세기,문인,한국
P002515,남창우,문인,한국
P002516,남철,문인,한국
P002517,남철인,문인,한국
P002518,남청사,문인,한국
P002519,남촌,문인,한국
P002520,남태성,문인,한국
P002521,남포성,문인,한국
P002522,남포수,문인,한국
P002523,남풍월,문인,한국
P002524,남필,문인,한국
P002525,남한생,문인,한국
P002526,남해루주인,문인,한국
P002527,남해림,문인,한국
P002528,남향,문인,한국
P002529,남호,문인,한국
P002530,남회석,문인,한국
P002531,남훈,문인,한국
P002532,낫별,문인,한국
P002533,낭,문인,한국
P002534,낭아,,한국
P002535,낭학인,,한국
P002536,내수정인,문인,한국
P002537,네가미 도미지,미술가,일본
P002538,네가미 도미키치,미술가,일본
P002539,네눈이,문인,한국
P002540,네오,문인,한국
P002541,녀들,연극인,한국
P002542,녯님,문인,한국
P002543,노다 도쿠모리,음악가,한국
P002544,노다 히로시,미술가,일본
P002545,노단,,한국
P002546,노덧물,문인,한국
P002547,노변,문인,한국
P002548,노산인,문인,한국
P002549,노새,,한국
P002550,노성석,출판자,한국
P002551,노수현,문인,한국
P002552,노엘,,한국
P002553,노의서,문인,한국
P002554,노자영,문인,한국
P002555,노자와 다케미,미술가,일본
P002556,노정순,문인,한국
P002557,노정일,문인,한국
P002558,노창성,음악가,한국
P002559,노천명,문인,한국
P002560,노향,문인,한국
P002561,녹,문인,한국
P002562,놀샘,문인,한국
P002563,놈아,문인,한국
P002564,농비농인,문인,한국
P002565,농천자,문인,한국
P002566,농촌부,,한국
P002567,누렁이,문인,한국
P002568,눈님,문인,한국
P002569,눈닙,문인,한국
P002570,눈뫼,문인,한국
P002571,눌,문인,한국
P002572,뉴욕한우국지사,,한국
P002573,늘대집,문인,한국
P002574,늣,문인,한국
P002575,늣둥,문인,한국
P002576,능골산인,문인,한국
P002577,능구,문인,한국
P002578,능선,문인,한국
P002579,능화,문인,한국
P002580,니시다마 사아키,미술가,일본
P002581,니시모토 레이지로,미술가,일본
P002582,니카이도 게이죠,미술가,일본
P002583,니코라이,문인,한국
P002584,니콜라이,문인,한국
P002585,다,문인,한국
P002586,다감생,문인,한국
P002587,다객,문인,한국
P002588,다구치 쇼고,미술가,일본
P002589,다니카와 데츠죠,미술가,일본
P002590,다리다무,문인,한국
P002591,다물,문인,한국
P002592,다방곡거사,문인,한국
P002593,다석제,문인,한국
P002594,다심,문인,한국
P002595,다언생,문인,한국
P002596,다정생,문인,한국
P002597,다카바타케 다츠시로,미술가,일본
P002598,다카야마 슌,미술가,일본
P002599,다카하시 도코조,미술가,일본
P002600,다키구치 슈조,미술가,일본
P002601,다키구치 타케시,미술가,일본
P002602,단,문인,한국
P002603,단계,문인,한국
P002604,단구,문인,한국
P002605,단기,문인,한국
P002606,단단이,문인,한국
P002607,단설,문인,한국
P002608,단암,,한국
P002609,단애,문인,한국
P002610,단엄,문인,한국
P002611,단옹,문인,한국
P002612,단정학,문인,한국
P002613,단초,문인,한국
P002614,단케이 슌지,미술가,일본
P002615,단희영,문인,한국
P002616,달,문인,한국
P002617,달근,문인,한국
P002618,달남,문인,한국
P002619,달벗,문인,한국
P002620,달성,문인,한국
P002621,달성생,문인,한국
P002622,달성인,문인,한국
P002623,달셩,,한국
P002624,달순,문인,한국
P002625,달재,문인,한국
P002626,달하,문인,한국
P002627,담,문인,한국
P002628,담설학인,문인,한국
P002629,담설학인역,문인,한국
P002630,담직,문인,한국
P002631,닷메,문인,한국
P002632,당,문인,한국
P002633,당본정보과장담,문인,한국
P002634,당생,문인,한국
P002635,당엄,문인,한국
P002636,당인,문인,한국
P002637,당자,문인,한국
P002638,당주,문인,한국
P002639,당최남선,문인,한국
P002640,당학인,문인,한국
P002641,대곡생,문인,한국
P002642,대곡정평,문인,한국
P002643,대관생,문인,한국
P002644,대도사,문인,한국
P002645,대산광랑,문인,한국
P002646,대산섬,문인,한국
P002647,대산수일,문인,한국
P002648,대산원장,문인,한국
P002649,대산차랑,문인,한국
P002650,대생,문인,한국
P002651,대섭,문인,한국
P002652,대소,문인,한국
P002653,대쇠,문인,한국
P002654,대수,문인,한국
P002655,대양,문인,한국
P002656,대엽,문인,한국
P002657,대용,문인,한국
P002658,대욱,문인,한국
P002659,대웅,문인,한국
P002660,대원,문인,한국
P002661,대원의웅,문인,한국
P002662,대위,문인,한국
P002663,대자,문인,한국
P002664,대치선생,문인,한국
P002665,대하동근,문인,한국
P002666,대현,문인,한국
P002667,대형,문인,한국
P002668,대화생,문인,한국
P002669,대흑생,문인,한국
P002670,더위받는사람,문인,한국
P002671,덕,문인,한국
P002672,덕균,문인,한국
P002673,덕근,문인,한국
P002674,덕기,문인,한국
P002675,덕령,문인,한국
P002676,덕만,문인,한국
P002677,덕봉,문인,한국
P002678,덕부로화,문인,한국
P002679,덕상,문인,한국
P002680,덕요,문인,한국
P002681,덕원생,문인,한국
P002682,덕원소년,문인,한국
P002683,덕주,문인,한국
P002684,덕진,문인,한국
P002685,덕천,문인,한국
P002686,덕현,문인,한국
P002687,덕호,문인,한국
P002688,데라다 마사아키,미술가,일본
P002689,뎡금홍,문인,한국
P002690,뎡면수,문인,한국
P002691,뎡봉관,,한국
P002692,뎡우상,문인,한국
P002693,뎡현진,,한국
P002694,뎡희,,한국
P002695,도,문인,한국
P002696,도고 세이지,미술가,일본
P002697,도곤,문인,한국
P002698,도극돌,문인,한국
P002699,도령,문인,한국
P002700,도리,문인,한국
P002701,도마쓰,연극인,한국
P002702,도미모토 겐키치,미술가,일본
P002703,도변조일특파원,문인,한국
P002704,도봉생,문인,한국
P002705,도봉섭,문인,한국
P002706,도상,문인,한국
P002707,도상록,문인,한국
P002708,도상봉,미술가,한국
P002709,도상히,문인,한국
P002710,도속학인,문인,한국
P002711,도순,문인,한국
P002712,도야마 우사부로,미술가,일본
P002713,도영,,한국
P002714,도월,문인,한국
P002715,도유호,,한국
P002716,도은,문인,한국
P002717,도이손,,한국
P002718,도인,문인,한국
P002719,도일,,한국
P002720,도전춘수,,한국
P002721,도진호,문인,한국
P002722,도타호우테츠,미술가,일본
P002723,도편벽,문인,한국
P002724,도평,문인,한국
P002725,도화동인,문인,한국
P002726,도환,문인,한국
P002727,독거루주인,문인,한국
P002728,독견최상덕,문인,한국
P002729,독고번,문인,한국
P002730,독고원,문인,한국
P002731,독고일,문인,한국
P002732,독보,문인,한국
P002733,독산,문인,한국
P002734,독서생,문인,한국
P002735,독소,문인,한국
P002736,독소생,문인,한국
P002737,독소자,문인,한국
P002738,독영,문인,한국
P002739,독자,문인,한국
P002740,독장산인,문인,한국
P002741,돈하,문인,한국
P002742,돈화,문인,한국
P002743,돌매,문인,한국
P002744,돌뿌리,,한국
P002745,돌시내,문인,한국
P002746,돌이,문인,한국
P002747,동,문인,한국
P002748,동강인,문인,한국
P002749,동경거사,문인,한국
P002750,동경여수,문인,한국
P002751,동경춘제,문인,한국
P002752,동고,문인,한국
P002753,동고인,문인,한국
P002754,동곡,문인,한국
P002755,동구,문인,한국
P002756,동구생,문인,한국
P002757,동근,문인,한국
P002758,동담,문인,한국
P002759,동당실인,문인,한국
P002760,동련생,문인,한국
P002761,동렬,문인,한국
P002762,동림,문인,한국
P002763,동방삭,문인,한국
P002764,동방청,문인,한국
P002765,동사,문인,한국
P002766,동산생,문인,한국
P002767,동산인,문인,한국
P002768,동생,문인,한국
P002769,동석,문인,한국
P002770,동선,문인,한국
P002771,동선자,문인,한국
P002772,동섭,문인,한국
P002773,동성,문인,한국
P002774,동수,문인,한국
P002775,동수생,문인,한국
P002776,동숙,문인,한국
P002777,동식,문인,한국
P002778,동아인,,한국
P002779,동야,문인,한국
P002780,동양생,,한국
P002781,동염,문인,한국
P002782,동우,문인,한국
P002783,동원농부,문인,한국
P002784,동월,문인,한국
P002785,동월학인,문인,한국
P002786,동은,문인,한국
P002787,동인,문인,한국
P002788,동인생,문인,한국
P002789,동전,문인,한국
P002790,동족생,문인,한국
P002791,동준,문인,한국
P002792,동지,문인,한국
P002793,동찬,문인,한국
P002794,동창포,문인,한국
P002795,동천,문인,한국
P002796,동춘,문인,한국
P002797,동풍,문인,한국
P002798,동학인,문인,한국
P002799,동해생,문인,한국
P002800,동혁,문인,한국
P002801,동현,문인,한국
P002802,동호,문인,한국
P002803,동호생,,한국
P002804,동호촌인,문인,한국
P002805,동화,,한국
P002806,동화생,,한국
P002807,동화츅전,문인,한국
P002808,동환,문인,한국
P002809,동훈,문인,한국
P002810,동희,문인,한국
P002811,두경,문인,한국
P002812,두공,문인,한국
P002813,두상,문인,한국
P002814,두성,문인,한국
P002815,두식,문인,한국
P002816,두원,문인,한국
P002817,두원학인,문인,한국
P002818,두정인,문인,한국
P002819,두춘,문인,한국
P002820,두태언,문인,한국
P002821,두화,문인,한국
P002822,듀란트,,한국
P002823,득수,문인,한국
P002824,득화,문인,한국
P002825,득회,문인,한국
P002826,등전량책,문인,한국
P002827,등전일등병,,한국
P002828,떠난배,문인,한국
P002829,또돌이,문인,한국
P002830,똘똘이,문인,한국
P002831,똥파리,문인,한국
P002832,뜸,,한국
P002833,띄씨피,문인,한국
P002834,띠와이번쓰,,한국
P002835,라상구,,한국
P002836,라찬근,미술가,한국
P002837,라쳐녀,,한국
P002838,라텬강,,한국
P002839,란석,문인,한국
P002840,란설,,한국
P002841,량듀삼,문인,한국
P002842,량명덩,,한국
P002843,량쥬삼억솔,문인,한국
P002844,레나도,문인,한국
P002845,렬각쇵,문인,한국
P002846,로아,문인,한국
P002847,로윤형,문인,한국
P002848,로철,문인,한국
P002849,로호원,,한국
P002850,룡산교구엇던부인,,한국
P002851,룡철,문인,한국
P002852,류경샹,,한국
P002853,류광열,문인,한국
P002854,류남수,문인,한국
P002855,류도순,,한국
P002856,류봉,문인,한국
P002857,류엽,문인,한국
P002858,류재순,문인,한국
P002859,류재풍,,한국
P002860,류제긔,문인,한국
P002861,류종수,문인,한국
P002862,류지영,문인,한국
P002863,류춘섭,,한국
P002864,류탄지 유,문인,일본
P002865,륙산,,한국
P002866,리,,한국
P002867,린,문인,한국
P002868,림뎡희,문인,한국
P002869,림연,,한국
P002870,림월,문인,한국
P002871,림정섭,문인,한국
P002872,림화,문인,한국
P002873,마가렛트외,문인,한국
P002874,마검생,문인,한국
P002875,마균,문인,한국
P002876,마남,문인,한국
P002877,마동,문인,한국
P002878,마두산인,문인,한국
P002879,마루야마 구마오,미술가,일본
P002880,마리아,문인,한국
P002881,마리안사,문인,한국
P002882,마명,문인,한국
P002883,마사,문인,한국
P002884,마상인,문인,한국
P002885,마석,문인,한국
P002886,마석도,문인,한국
P002887,마성산인,문인,한국
P002888,마언,문인,한국
P002889,마완영,연극인,한국
P002890,마운파,문인,한국
P002891,마을생,문인,한국
P002892,마을이,문인,한국
P002893,마의영,문인,한국
P002894,마의종인,문인,한국
P002895,마정숙,문인,한국
P002896,마춘해,문인,한국
P002897,마츠시마 운에이,음악가,한국
P002898,마츠오 쿠니노스케,미술가,일본
P002899,마츠오카 고이치,학자,일본
P002900,마키노 도라오,미술가,일본
P002901,마태오,문인,한국
P002902,마테오,문인,한국
P002903,마하산,문인,한국
P002904,마해송,문인,한국
P002905,마현숙,문인,한국
P002906,마황촌,문인,한국
P002907,막동이,,한국
P002908,막영생,문인,한국
P002909,만,문인,한국
P002910,만갑,문인,한국
P002911,만규,문인,한국
P002912,만년설,문인,한국
P002913,만년청,문인,한국
P002914,만만소사,문인,한국
P002915,만보산,문인,한국
P002916,만복,문인,한국
P002917,만산,문인,한국
P002918,만석,문인,한국
P002919,만성,문인,한국
P002920,만식,문인,한국
P002921,만안거사,문인,한국
P002922,만우생,문인,한국
P002923,만웅,문인,한국
P002924,만재,문인,한국
P002925,만종,문인,한국
P002926,만초거인,문인,한국
P002927,만촌,문인,한국
P002928,만촌생,문인,한국
P002929,만춘이,문인,한국
P002930,만취,문인,한국
P002931,만풍,문인,한국
P002932,만하,문인,한국
P002933,만하림,문인,한국
P002934,만향,문인,한국
P002935,만희,문인,한국
P002936,말잘하는아저씨,문인,한국
P002937,망난자,문인,한국
P002938,망사인,문인,한국
P002939,망수대,문인,한국
P002940,망양정인,문인,한국
P002941,망운루인,문인,한국
P002942,망운산인,문인,한국
P002943,망월,문인,한국
P002944,망월은사,문인,한국
P002945,망월탑,문인,한국
P002946,망중한인,문인,한국
P002947,망향아,문인,한국
P002948,매,문인,한국
P002949,매자,문인,한국
P002950,매헌,문인,한국
P002951,맥물,,한국
P002952,맹,문인,한국
P002953,맹꽁이,문인,한국
P002954,맹석도,문인,한국
P002955,맹식,문인,한국
P002956,맹종호,문인,한국
P002957,맹주천,문인,한국
P002958,맹현학인,문인,한국
P002959,맹형모,문인,한국
P002960,맹호은,문인,한국
P002961,먹뫼,문인,한국
P002962,메리,문인,한국
P002963,면경생,문인,한국
P002964,면인,문인,한국
P002965,명,문인,한국
P002966,명구,,한국
P002967,명균,,한국
P002968,명동순,문인,한국
P002969,명문도,문인,한국
P002970,명복,문인,한국
P002971,명사제씨,,한국
P002972,명생,문인,한국
P002973,명석,문인,한국
P002974,명선,문인,한국
P002975,명설,문인,한국
P002976,명섭,문인,한국
P002977,명성,문인,한국
P002978,명수,문인,한국
P002979,명숙,문인,한국
P002980,명순,문인,한국
P002981,명순녀사,문인,한국
P002982,명식,문인,한국
P002983,명신,문인,한국
P002984,명암산인,문인,한국
P002985,명옥,문인,한국
P002986,명완,문인,한국
P002987,명용준,문인,한국
P002988,명이환,문인,한국
P002989,명인표,문인,한국
P002990,명제,문인,한국
P002991,명제세,운동가,한국
P002992,명종,문인,한국
P002993,명주완,문인,한국
P002994,명준,문인,한국
P002995,명천,문인,한국
P002996,명하,문인,한국
P002997,명호,문인,한국
P002998,명호산주,문인,한국
P002999,명화,문인,한국
P003000,명환,문인,한국
P003001,모,문인,한국
P003002,모관생,문인,한국
P003003,모기윤,문인,한국
P003004,모로정객,문인,한국
P003005,모리타쯔 네토모,미술가,일본
P003006,모리타카 메노스케,미술가,일본
P003007,모박사,문인,한국
P003008,모봉인,문인,한국
P003009,모세,문인,한국
P003010,모악산인,문인,한국
P003011,모악인,문인,한국
P003012,모원규,문인,한국
P003013,모윤숙,문인,한국
P003014,모윤숙선희장덕조,문인,한국
P003015,모은천,문인,한국
P003016,모험생,문인,한국
P003017,모호이 나지,미술가,일본
P003018,목고경,문인,한국
P003019,목구학인,문인,한국
P003020,목도위민,문인,한국
P003021,목동,문인,한국
P003022,목마생,문인,한국
P003023,목병정,문인,한국
P003024,목산,문인,한국
P003025,목산비,문인,한국
P003026,목산승,문인,한국
P003027,목산춘직,,한국
P003028,목성산인,문인,한국
P003029,목셩,문인,한국
P003030,목수생,문인,한국
P003031,목양아,,한국
P003032,목양역,문인,한국
P003033,목어,문인,한국
P003034,목은성,문인,한국
P003035,목일랑,연극인,한국
P003036,목일신,문인,한국
P003037,목촌일랑,,한국
P003038,목춘산인,문인,한국
P003039,목춘산인술,문인,한국
P003040,목춘학인,문인,한국
P003041,목패생,문인,한국
P003042,목포합생,문인,한국
P003043,목풍,문인,한국
P003044,목회자,문인,한국
P003045,목흑,문인,한국
P003046,몬드리안,미술가,네덜란드
P003047,몰노도이,문인,한국
P003048,몽계,문인,한국
P003049,몽매생,문인,한국
P003050,몽보,문인,한국
P003051,몽상인,문인,한국
P003052,몽석,문인,한국
P003053,몽성,문인,한국
P003054,몽소,문인,한국
P003055,몽아,문인,한국
P003056,몽연,문인,한국
P003057,몽중일주생,문인,한국
P003058,몽통구리,문인,한국
P003059,몽향,문인,한국
P003060,묘고당,문인,한국
P003061,묘묵,문인,한국
P003062,묘향,문인,한국
P003063,무격인,문인,한국
P003064,무경생,문인,한국
P003065,무경학인,문인,한국
P003066,무궁화,문인,한국
P003067,무극,문인,한국
P003068,무극자,문인,한국
P003069,무근생,문인,한국
P003070,무길촌인,문인,한국
P003071,무난,문인,한국
P003072,무년,문인,한국
P003073,무능거사,문인,한국
P003074,무늬,문인,한국
P003075,무두인,문인,한국
P003076,무라야마 토모요시,연극인,일본
P003077,무라타 요네타로,미술가,일본
P003078,무명,문인,한국
P003079,무명녀사,,한국
P003080,무명산인,문인,한국
P003081,무명생,문인,한국
P003082,무명씨,문인,한국
P003083,무명야사,문인,한국
P003084,무명인,문인,한국
P003085,무명자,문인,한국
P003086,무명초,문인,한국
P003087,무벽,문인,한국
P003088,무성학인,문인,한국
P003089,무소생,문인,한국
P003090,무송,문인,한국
P003091,무수인,문인,한국
P003092,무시수,문인,한국
P003093,무심,문인,한국
P003094,무심도인,문인,한국
P003095,무애,문인,한국
P003096,무애역,문인,한국
P003097,무언생,문인,한국
P003098,무여생,문인,한국
P003099,무연,문인,한국
P003100,무위산인,문인,한국
P003101,무위생,문인,한국
P003102,무유,문인,한국
P003103,무주암주인,문인,한국
P003104,무지,문인,한국
P003105,무타이 리사쿠,학자,일본
P003106,무하유재,문인,한국
P003107,무학산인,문인,한국
P003108,무한천인,문인,한국
P003109,무호동인,문인,한국
P003110,무호생,문인,한국
P003111,무홍생초역,문인,한국
P003112,무화과,문인,한국
P003113,묵,문인,한국
P003114,묵봉,문인,한국
P003115,묵봉산인,문인,한국
P003116,묵상암인,문인,한국
P003117,묵소생,문인,한국
P003118,묵파,문인,한국
P003119,문,문인,한국
P003120,문걸,문인,한국
P003121,문경해,문인,한국
P003122,문광해,문인,한국
P003123,문금녀,문인,한국
P003124,문기,문인,한국
P003125,문길,문인,한국
P003126,문내한,,한국
P003127,문대성,문인,한국
P003128,문동,문인,한국
P003129,문동이,문인,한국
P003130,문리옥,문인,한국
P003131,문명록,문인,한국
P003132,문명진,,한국
P003133,문미명,문인,한국
P003134,문병,문인,한국
P003135,문병래,문인,한국
P003136,문보살,문인,한국
P003137,문사인,문인,한국
P003138,문산인,문인,한국
P003139,문상유,문인,한국
P003140,문석환,문인,한국
P003141,문성,문인,한국
P003142,문성빈,문인,한국
P003143,문성식,문인,한국
P003144,문성집,문인,한국
P003145,문성희,문인,한국
P003146,문세영,,한국
P003147,문소영,문인,한국
P003148,문순,문인,한국
P003149,문신활,문인,한국
P003150,문심,문인,한국
P003151,문연,문인,한국
P003152,문엽,문인,한국
P003153,문예봉,문인,한국
P003154,문용주,음악가,한국
P003155,문원,문인,한국
P003156,문원태,문인,한국
P003157,문원호,문인,한국
P003158,문원흡,문인,한국
P003159,문윤모,미술가,한국
P003160,문이석,문인,한국
P003161,문인암,문인,한국
P003162,문인주,의사,한국
P003163,문일,문인,한국
P003164,문일동,문인,한국
P003165,문일수,문인,한국
P003166,문일평,문인,한국
P003167,문장욱,문인,한국
P003168,문재덕,미술가,한국
P003169,문정국,문인,한국
P003170,문정봉,문인,한국
P003171,문제명,문인,한국
P003172,문철모,문인,한국
P003173,문출생,문인,한국
P003174,문하윤,음악가,한국
P003175,문학사로정일,문인,한국
P003176,문학수,미술가,한국
P003177,문학준,문인,한국
P003178,문한,문인,한국
P003179,문해라,,한국
P003180,문행,문인,한국
P003181,문향,,한국
P003182,문현순,문인,한국
P003183,문호,문인,한국
P003184,문희,문인,한국
P003185,물망초인,문인,한국
P003186,물새,문인,한국
P003187,뭉틀이,문인,한국
P003188,미,문인,한국
P003189,미가엘,문인,한국
P003190,미나미 쿤조,미술가,일본
P003191,미네 도시오,미술가,일본
P003192,미네기시 기이치,미술가,일본
P003193,미랑도,문인,한국
P003194,미랑도역,문인,한국
P003195,미로,미술가,일본
P003196,미림,문인,한국
P003197,미명,문인,한국
P003198,미성,문인,한국
P003199,미소생,문인,한국
P003200,미야모토 후지오,미술가,일본
P003201,미야사카 마사루,미술가,일본
P003202,미야자키 도미오,미술가,일본
P003203,미요시 타츠지,문인,일본
P003204,미즈타니 다케히코,미술가,일본
P003205,미쯔바야시 료타로,미술가,일본
P003206,미츠다 나가이쿠,음악가,한국
P003207,미키 기요시,미술가,일본
P003208,미파소,문인,한국
P003209,미행긔자,,한국
P003210,미헌,문인,한국
P003211,미호천인,문인,한국
P003212,민,문인,한국
P003213,민경식,문인,한국
P003214,민고영,문인,한국
P003215,민광,문인,한국
P003216,민광생,,한국
P003217,민광초,,한국
P003218,민규식,,한국
P003219,민균,문인,한국
P003220,민남기,문인,한국
P003221,민노아,,한국
P003222,민대령,문인,한국
P003223,민동기,문인,한국
P003224,민로아,,한국
P003225,민만호,문인,한국
P003226,민병균,문인,한국
P003227,민병일,문인,한국
P003228,민병징,연극인,한국
P003229,민병철,,한국
P003230,민병휘,문인,한국
P003231,민봉호,문인,한국
P003232,민삼식,문인,한국
P003233,민생,문인,한국
P003234,민생촌,문인,한국
P003235,민세광,문인,한국
P003236,민세산인,문인,한국
P003237,민소월,문인,한국
P003238,민소천,문인,한국
P003239,민손,문인,한국
P003240,민수,문인,한국
P003241,민영규,문인,한국
P003242,민영숙,문인,한국
P003243,민영순,문인,한국
P003244,민옥인,,한국
P003245,민월,,한국
P003246,민이순,문인,한국
P003247,민정식,,한국
P003248,민제,문인,한국
P003249,민천,,한국
P003250,민촌학인,,한국
P003251,민탁,문인,한국
P003252,민태규,운동가,한국
P003253,민태식,,한국
P003254,민태원,문인,한국
P003255,민태흥,,한국
P003256,민택,문인,한국
P003257,민필원,,한국
P003258,민한식,문인,한국
P003259,민형래,,한국
P003260,민호봉,문인,한국
P003261,민호영,문인,한국
P003262,민화경,,한국
P003263,민휴,,한국
P003264,바다,,한국
P003265,박,문인,한국
P003266,박가언,문인,한국
P003267,박갑,문인,한국
P003268,박거영,문인,한국
P003269,박건,문인,한국
P003270,박겸숙,문인,한국
P003271,박경,문인,한국
P003272,박경민,문인,한국
P003273,박경성,문인,한국
P003274,박경수,연극인,한국
P003275,박경식,문인,한국
P003276,박경월,문인,한국
P003277,박경종,문인,한국
P003278,박경철,,한국
P003279,박경호,문인,한국
P003280,박경화,문인,한국
P003281,박경희,,한국
P003282,박계순,문인,한국
P003283,박계원,,한국
P003284,박계주,문인,한국
P003285,박계탁,,한국
P003286,박계홍,문인,한국
P003287,박고경,문인,한국
P003288,박고자,문인,한국
P003289,박광수,문인,한국
P003290,박광윤,문인,한국
P003291,박광진,미술가,한국
P003292,박광표,문인,한국
P003293,박광헌,문인,한국
P003294,박귀손,문인,한국
P003295,박귀송,문인,한국
P003296,박귀송외,문인,한국
P003297,박규선,문인,한국
P003298,박극,문인,한국
P003299,박극채,문인,한국
P003300,박근,문인,한국
P003301,박근배,문인,한국
P003302,박근필,문인,한국
P003303,박근호,미술가,한국
P003304,박근홍,문인,한국
P003305,박금,문인,한국
P003306,박금환,문인,한국
P003307,박기,문인,한국
P003308,박기구,문인,한국
P003309,박기룡,문인,한국
P003310,박기백,음악가,한국
P003311,박기변,문인,한국
P003312,박기봉,문인,한국
P003313,박기영,문인,한국
P003314,박기옥,문인,한국
P003315,박기용,문인,한국
P003316,박기원,문인,한국
P003317,박기자,문인,한국
P003318,박기채,영화인,한국
P003319,박기혁,문인,한국
P003320,박길,문인,한국
P003321,박길경,문인,한국
P003322,박길녀,문인,한국
P003323,박길래,문인,한국
P003324,박길룡,건축가,한국
P003325,박길수,문인,한국
P003326,박꽃,문인,한국
P003327,박남규,,한국
P003328,박남송,문인,한국
P003329,박남수,문인,한국
P003330,박남연,문인,한국
P003331,박념인,문인,한국
P003332,박노갑,문인,한국
P003333,박노춘,문인,한국
P003334,박노홍,미술가,한국
P003335,박단마,,한국
P003336,박단용,음악가,한국
P003337,박달성,문인,한국
P003338,박대성,문인,한국
P003339,박대영,문인,한국
P003340,박대웅,,한국
P003341,박대일,문인,한국
P003342,박덕배,,한국
P003343,박덕상,문인,한국
P003344,박도은,문인,한국
P003345,박독명,문인,한국
P003346,박돈서,,한국
P003347,박돌이,문인,한국
P003348,박동근,연극인,한국
P003349,박동도,문인,한국
P003350,박동석,,한국
P003351,박동수,문인,한국
P003352,박동엽,,한국
P003353,박동완,연극인,한국
P003354,박동일,,한국
P003355,박동진,,한국
P003356,박동협,문인,한국
P003357,박동호,,한국
P003358,박동화,연극인,한국
P003359,박동훈,문인,한국
P003360,박두성,,한국
P003361,박두수,미술가,한국
P003362,박두언,문인,한국
P003363,박두정,문인,한국
P003364,박두진,문인,한국
P003365,박두하,,한국
P003366,박락종,문인,한국
P003367,박락주,문인,한국
P003368,박래홍,,한국
P003369,박량순,,한국
P003370,박려월,연극인,한국
P003371,박로기,문인,한국
P003372,박로아,문인,한국
P003373,박로영,,한국
P003374,박로홍,문인,한국
P003375,박록주,,한국
P003376,박롱옥,문인,한국
P003377,박룡복,,한국
P003378,박루월,문인,한국
P003379,박마리아,,한국
P003380,박만경,문인,한국
P003381,박만규,,한국
P003382,박만익,문인,한국
P003383,박만춘,,한국
P003384,박만향,문인,한국
P003385,박맹,문인,한국
P003386,박면숙,문인,한국
P003387,박명선,,한국
P003388,박명수,,한국
P003389,박명조,미술가,한국
P003390,박명화,문인,한국
P003391,박명환,문인,한국
P003392,박목월,문인,한국
P003393,박무길,문인,한국
P003394,박묵옹,,한국
P003395,박문서,문인,한국
P003396,박문순,미술가,한국
P003397,박문재,문인,한국
P003398,박문주,문인,한국
P003399,박문하,문인,한국
P003400,박문호,문인,한국
P003401,박문훈,,한국
P003402,박미강,문인,한국
P003403,박미성,문인,한국
P003404,박민기,문인,한국
P003405,박민수,문인,한국
P003406,박민신,음악가,한국
P003407,박민종,음악가,한국
P003408,박민천,문인,한국
P003409,박방이,문인,한국
P003410,박방훈,문인,한국
P003411,박백련,문인,한국
P003412,박백양,,한국
P003413,박병,문인,한국
P003414,박병귀,문인,한국
P003415,박병근,,한국
P003416,박병기,문인,한국
P003417,박병길,문인,한국
P003418,박병도,문인,한국
P003419,박병두,문인,한국
P003420,박병선,,한국
P003421,박병수,문인,한국
P003422,박병엽,,한국
P003423,박병옥,,한국
P003424,박병운,음악가,한국
P003425,박병원,문인,한국
P003426,박병은,문인,한국
P003427,박병조,문인,한국
P003428,박병철,문인,한국
P003429,박복순,문인,한국
P003430,박봉룡,,한국
P003431,박봉석,문인,한국
P003432,박봉애,,한국
P003433,박봉우,문인,한국
P003434,박봉자,,한국
P003435,박봉재,문인,한국
P003436,박봉택,문인,한국
P003437,박봉팔,문인,한국
P003438,박북민,문인,한국
P003439,박사직,,한국
P003440,박삼순,문인,한국
P003441,박삼우엘,문인,한국
P003442,박상규,문인,한국
P003443,박상만,,한국
P003444,박상봉,,한국
P003445,박상식,,한국
P003446,박상엽,문인,한국
P003447,박상옥,미술가,한국
P003448,박상우,문인,한국
P003449,박상의,,한국
P003450,박상태,문인,한국
P003451,박상현,,한국
P003452,박상휘,,한국
P003453,박상희,문인,한국
P003454,박생,문인,한국
P003455,박샤,,한국
P003456,박서,문인,한국
P003457,박서문,,한국
P003458,박서민,연극인,한국
P003459,박서운,,한국
P003460,박석,,한국
P003461,박석관,문인,한국
P003462,박석도,문인,한국
P003463,박석윤,문인,한국
P003464,박석일,문인,한국
P003465,박석정,문인,한국
P003466,박석홍,,한국
P003467,박선혜,,한국
P003468,박설뎡,,한국
P003469,박설송,문인,한국
P003470,박설원,문인,한국
P003471,박성강,문인,한국
P003472,박성극,문인,한국
P003473,박성긔,문인,한국
P003474,박성기,문인,한국
P003475,박성도,문인,한국
P003476,박성빈,문인,한국
P003477,박성운,문인,한국
P003478,박성익,,한국
P003479,박성인,문인,한국
P003480,박성일,,한국
P003481,박성재,,한국
P003482,박성주,,한국
P003483,박성하,,한국
P003484,박성환,,한국
P003485,박성흠,,한국
P003486,박성희,문인,한국
P003487,박세민,문인,한국
P003488,박세민옹,문인,한국
P003489,박세사,문인,한국
P003490,박세영,문인,한국
P003491,박세영앵봉산인,연극인,한국
P003492,박세평,문인,한국
P003493,박소영,,한국
P003494,박송,문인,한국
P003495,박수,문인,한국
P003496,박수남,,한국
P003497,박수만,,한국
P003498,박수복,,한국
P003499,박숙정,문인,한국
P003500,박순덕,,한국
P003501,박순석,문인,한국
P003502,박순선,문인,한국
P003503,박순신,문인,한국
P003504,박순천,,한국
P003505,박술음,,한국
P003506,박승걸,문인,한국
P003507,박승구,미술가,한국
P003508,박승극,문인,한국
P003509,박승남,문인,한국
P003510,박승돈,문인,한국
P003511,박승렬,문인,한국
P003512,박승룡,문인,한국
P003513,박승봉,문인,한국
P003514,박승빈,문인,한국
P003515,박승수,문인,한국
P003516,박승식,문인,한국
P003517,박승억,문인,한국
P003518,박승우,문인,한국
P003519,박승원,문인,한국
P003520,박승유,문인,한국
P003521,박승좌,문인,한국
P003522,박승진,문인,한국
P003523,박승철,문인,한국
P003524,박승호,문인,한국
P003525,박승희,문인,한국
P003526,박시홍,문인,한국
P003527,박식,문인,한국
P003528,박신라,문인,한국
P003529,박신민,문인,한국
P003530,박신오,문인,한국
P003531,박신은,문인,한국
P003532,박신춘,문인,한국
P003533,박심,문인,한국
P003534,박아,문인,한국
P003535,박아기,연극인,한국
P003536,박아란,문인,한국
P003537,박아지,문인,한국
P003538,박암,문인,한국
P003539,박약서아,문인,한국
P003540,박약아,문인,한국
P003541,박양신,,한국
P003542,박연서,,한국
P003543,박연술,미술가,한국
P003544,박연우,문인,한국
P003545,박연포,,한국
P003546,박연호,문인,한국
P003547,박연희,문인,한국
P003548,박영,문인,한국
P003549,박영걸,문인,한국
P003550,박영균,문인,한국
P003551,박영근,문인,한국
P003552,박영길,문인,한국
P003553,박영도,문인,한국
P003554,박영동,,한국
P003555,박영래,미술가,한국
P003556,박영만,문인,한국
P003557,박영민,,한국
P003558,박영산,문인,한국
P003559,박영선,문인,한국
P003560,박영섭,문인,한국
P003561,박영수,문인,한국
P003562,박영숙,문인,한국
P003563,박영신,문인,한국
P003564,박영운,문인,한국
P003565,박영익,문인,한국
P003566,박영자,,한국
P003567,박영종,문인,한국
P003568,박영준,문인,한국
P003569,박영창,문인,한국
P003570,박영철,문인,한국
P003571,박영포,문인,한국
P003572,박영하,문인,한국
P003573,박영해,문인,한국
P003574,박영호,문인,한국
P003575,박영화,문인,한국
P003576,박영환,미술가,한국
P003577,박영효,문인,한국
P003578,박영희,문인,한국
P003579,박옥,문인,한국
P003580,박옥강,문인,한국
P003581,박옥래,미술가,한국
P003582,박옥초,문인,한국
P003583,박옥희,문인,한국
P003584,박완,문인,한국
P003585,박완식,문인,한국
P003586,박완훈,문인,한국
P003587,박외선,문인,한국
P003588,박요,문인,한국
P003589,박용,문인,한국
P003590,박용대,문인,한국
P003591,박용덕,,한국
P003592,박용묵,문인,한국
P003593,박용은,,한국
P003594,박용철,문인,한국
P003595,박용칠,문인,한국
P003596,박용환,문인,한국
P003597,박용회,,한국
P003598,박우,,한국
P003599,박우석,문인,한국
P003600,박우정,연극인,한국
P003601,박우천,문인,한국
P003602,박우현,문인,한국
P003603,박우홍,,한국
P003604,박우화,문인,한국
P003605,박운,,한국
P003606,박운행,,한국
P003607,박웅,연극인,한국
P003608,박원,문인,한국
P003609,박원진,,한국
P003610,박원혁,,한국
P003611,박월,문인,한국
P003612,박월파,문인,한국
P003613,박유병,문인,한국
P003614,박유산,,한국
P003615,박유상,문인,한국
P003616,박유송,문인,한국
P003617,박유진,,한국
P003618,박윤명,,한국
P003619,박윤석,,한국
P003620,박윤용,,한국
P003621,박윤진,학자,한국
P003622,박은,문인,한국
P003623,박은성,문인,한국
P003624,박은식,문인,한국
P003625,박은식저,,한국
P003626,박은애,,한국
P003627,박은옥,,한국
P003628,박은혜,문인,한국
P003629,박은희,,한국
P003630,박을,,한국
P003631,박응삼,문인,한국
P003632,박의산,문인,한국
P003633,박의섭,문인,한국
P003634,박의훈,,한국
P003635,박이,,한국
P003636,박이경,,한국
P003637,박익조,,한국
P003638,박익준,문인,한국
P003639,박인,문인,한국
P003640,박인관,,한국
P003641,박인덕,문인,한국
P003642,박인배,문인,한국
P003643,박인범,문인,한국
P003644,박인수,문인,한국
P003645,박인채,미술가,한국
P003646,박인혁,문인,한국
P003647,박인황,문인,한국
P003648,박일란,문인,한국
P003649,박일보,문인,한국
P003650,박일성,,한국
P003651,박일송,문인,한국
P003652,박일숙,,한국
P003653,박일양,문인,한국
P003654,박일연,문인,한국
P003655,박일형,,한국
P003656,박일환,문인,한국
P003657,박자혜,,한국
P003658,박장옥,,한국
P003659,박장우,,한국
P003660,박재,문인,한국
P003661,박재관,문인,한국
P003662,박재덕,문인,한국
P003663,박재동,문인,한국
P003664,박재륜,문인,한국
P003665,박재수,문인,한국
P003666,박재운,문인,한국
P003667,박재청,문인,한국
P003668,박재형,문인,한국
P003669,박적우,,한국
P003670,박전연이,,한국
P003671,박점순,,한국
P003672,박점홍,문인,한국
P003673,박정선,문인,한국
P003674,박정순,문인,한국
P003675,박정연,문인,한국
P003676,박정용,문인,한국
P003677,박정월,,한국
P003678,박정조,,한국
P003679,박정주,문인,한국
P003680,박정진,,한국
P003681,박정호,문인,한국
P003682,박정희,문인,한국
P003683,박제경,문인,한국
P003684,박제기,문인,한국
P003685,박제성,문인,한국
P003686,박제오,문인,한국
P003687,박제호,문인,한국
P003688,박조성,,한국
P003689,박조영,문인,한국
P003690,박종,문인,한국
P003691,박종수,,한국
P003692,박종식,문인,한국
P003693,박종원,문인,한국
P003694,박종찬,문인,한국
P003695,박종홍,,한국
P003696,박종화,문인,한국
P003697,박종화외,,한국
P003698,박종환,문인,한국
P003699,박주,문인,한국
P003700,박준,문인,한국
P003701,박준량,문인,한국
P003702,박준렬,문인,한국
P003703,박준영,문인,한국
P003704,박준표,문인,한국
P003705,박준환,미술가,한국
P003706,박중,문인,한국
P003707,박중집,문인,한국
P003708,박지원,문인,한국
P003709,박진,연극인,한국
P003710,박진명,미술가,한국
P003711,박진식,문인,한국
P003712,박진호,미술가,한국
P003713,박찬모,문인,한국
P003714,박찬빈,문인,한국
P003715,박찬순,문인,한국
P003716,박찬익,문인,한국
P003717,박찬일,문인,한국
P003718,박찬호,,한국
P003719,박찬희,,한국
P003720,박창근,문인,한국
P003721,박창만,문인,한국
P003722,박창보,문인,한국
P003723,박창식,문인,한국
P003724,박창환,문인,한국
P003725,박창훈,,한국
P003726,박창희,문인,한국
P003727,박채민,,한국
P003728,박천,문인,한국
P003729,박천겸,,한국
P003730,박천순,,한국
P003731,박천죽,,한국
P003732,박철문,,한국
P003733,박철민,,한국
P003734,박철역,문인,한국
P003735,박철용,,한국
P003736,박철혼,문인,한국
P003737,박첨지,,한국
P003738,박추영,문인,한국
P003739,박춘,문인,한국
P003740,박춘봉,문인,한국
P003741,박춘성,문인,한국
P003742,박춘셩,,한국
P003743,박춘양,문인,한국
P003744,박춘초,문인,한국
P003745,박춘포,문인,한국
P003746,박충목,문인,한국
P003747,박치우,문인,한국
P003748,박칠순,문인,한국
P003749,박태서,문인,한국
P003750,박태석,문인,한국
P003751,박태순,문인,한국
P003752,박태식,문인,한국
P003753,박태양,,한국
P003754,박태영,문인,한국
P003755,박태원,문인,한국
P003756,박태준,,한국
P003757,박태쥰,,한국
P003758,박태호,,한국
P003759,박태흠,문인,한국
P003760,박토인,문인,한국
P003761,박판종,문인,한국
P003762,박팔양,문인,한국
P003763,박피득,문인,한국
P003764,박필수,,한국
P003765,박필원,문인,한국
P003766,박하,문인,한국
P003767,박하농,문인,한국
P003768,박하산,문인,한국
P003769,박하실,,한국
P003770,박학보,,한국
P003771,박학수,문인,한국
P003772,박학완,음악가,한국
P003773,박학전,,한국
P003774,박한구,,한국
P003775,박한규,,한국
P003776,박한식,,한국
P003777,박한영,문인,한국
P003778,박한탑,,한국
P003779,박항병,음악가,한국
P003780,박해묵,,한국
P003781,박해성,문인,한국
P003782,박해원,,한국
P003783,박향,문인,한국
P003784,박향림,,한국
P003785,박향민,문인,한국
P003786,박향원,,한국
P003787,박헌양,문인,한국
P003788,박헌촌,문인,한국
P003789,박현명,,한국
P003790,박현수,,한국
P003791,박현숙,음악가,한국
P003792,박현창,문인,한국
P003793,박혈,문인,한국
P003794,박혈해,문인,한국
P003795,박형기,문인,한국
P003796,박형배,문인,한국
P003797,박형수,문인,한국
P003798,박형슌,문인,한국
P003799,박형제,문인,한국
P003800,박혜토,문인,한국
P003801,박호,연극인,한국
P003802,박호병,,한국
P003803,박호산,문인,한국
P003804,박호애,문인,한국
P003805,박호진,문인,한국
P003806,박홍,문인,한국
P003807,박홍은,문인,한국
P003808,박홍제,,한국
P003809,박화강,,한국
P003810,박화균,,한국
P003811,박화목,문인,한국
P003812,박화성,문인,한국
P003813,박화영,문인,한국
P003814,박효관,문인,한국
P003815,박효산,문인,한국
P003816,박후배,문인,한국
P003817,박훈,,한국
P003818,박흥,문인,한국
P003819,박흥순,,한국
P003820,박흥식,,한국
P003821,박희,,한국
P003822,박희곤,문인,한국
P003823,박희관,문인,한국
P003824,박희도,,한국
P003825,박희명역,문인,한국
P003826,박희서,문인,한국
P003827,박희영,문인,한국
P003828,박희우,문인,한국
P003829,박희택,,한국
P003830,반광생,문인,한국
P003831,반구실주인,,한국
P003832,반도인,문인,한국
P003833,반룡학인,문인,한국
P003834,반신인,문인,한국
P003835,반아생,문인,한국
P003836,반우거,문인,한국
P003837,반우슴,,한국
P003838,반월성인,문인,한국
P003839,반지불,문인,한국
P003840,반태유,문인,한국
P003841,반학인,문인,한국
P003842,발암동인,,한국
P003843,밝은집,문인,한국
P003844,밝참,문인,한국
P003845,밤샘,문인,한국
P003846,방,문인,한국
P003847,방경규,문인,한국
P003848,방경옥,문인,한국
P003849,방관자,문인,한국
P003850,방대영,,한국
P003851,방덕주,문인,한국
P003852,방두환,,한국
P003853,방마구렛,,한국
P003854,방명섭,문인,한국
P003855,방목야인,,한국
P003856,방산수원,,한국
P003857,방수,문인,한국
P003858,방수룡,문인,한국
P003859,방수원,,한국
P003860,방순자,문인,한국
P003861,방실,문인,한국
P003862,방애덕,문인,한국
P003863,방야목인,문인,한국
P003864,방옥매,,한국
P003865,방우,문인,한국
P003866,방울생,문인,한국
P003867,방원,문인,한국
P003868,방원규,문인,한국
P003869,방응모,,한국
P003870,방인,문인,한국
P003871,방인근,문인,한국
P003872,방인근작,문인,한국
P003873,방인희,문인,한국
P003874,방재선,,한국
P003875,방재욱,문인,한국
P003876,방재윤,,한국
P003877,방정환,문인,한국
P003878,방제각,문인,한국
P003879,방종현,문인,한국
P003880,방주,문인,한국
P003881,방준옥,문인,한국
P003882,방준한,문인,한국
P003883,방철원,문인,한국
P003884,방초,문인,한국
P003885,방초생,문인,한국
P003886,방촌,문인,한국
P003887,방춘산,문인,한국
P003888,방태영,문인,한국
P003889,방태환,문인,한국
P003890,방한민,문인,한국
P003891,방한암,문인,한국
P003892,방한준,문인,한국
P003893,방현웅,문인,한국
P003894,방화산,문인,한국
P003895,방화산인,문인,한국
P003896,방환,,한국
P003897,방황,,한국
P003898,방효민,문인,한국
P003899,방휴남,문인,한국
P003900,배,문인,한국
P003901,배광피,문인,한국
P003902,배구자,,한국
P003903,배금순,문인,한국
P003904,배기,,한국
P003905,배길동,문인,한국
P003906,배나무,문인,한국
P003907,배달자,,한국
P003908,배대양,문인,한국
P003909,배덕영,문인,한국
P003910,배덕화,문인,한국
P003911,배두훈,문인,한국
P003912,배락준,,한국
P003913,배명암,미술가,한국
P003914,배명학,미술가,한국
P003915,배문석,문인,한국
P003916,배상명,문인,한국
P003917,배상철,문인,한국
P003918,배상하,문인,한국
P003919,배선권,문인,한국
P003920,배성,,한국
P003921,배성도,문인,한국
P003922,배영길,,한국
P003923,배영진,문인,한국
P003924,배용윤,문인,한국
P003925,배운성,,한국
P003926,배위량,,한국
P003927,배윤호,문인,한국
P003928,배이빈,문인,한국
P003929,배재황,문인,한국
P003930,배정,문인,한국
P003931,배정만,문인,한국
P003932,배정순,,한국
P003933,배종,문인,한국
P003934,배종환,문인,한국
P003935,배죽엽,,한국
P003936,배창화,문인,한국
P003937,배춘강,문인,한국
P003938,배태식,문인,한국
P003939,배풍,문인,한국
P003940,배호,문인,한국
P003941,배홍,문인,한국
P003942,배화철,,한국
P003943,배환국,문인,한국
P003944,배효산,문인,한국
P003945,배후전,문인,한국
P003946,배희제,,한국
P003947,백,문인,한국
P003948,백건,,한국
P003949,백경애,,한국
P003950,백고홍,문인,한국
P003951,백곤,문인,한국
P003952,백관수,,한국
P003953,백관의,,한국
P003954,백구,문인,한국
P003955,백구동인,문인,한국
P003956,백구학인,,한국
P003957,백국희,문인,한국
P003958,백귀녀,,한국
P003959,백규,,한국
P003960,백근,문인,한국
P003961,백긔만,문인,한국
P003962,백기만,문인,한국
P003963,백기자,,한국
P003964,백길경,문인,한국
P003965,백낙준,문인,한국
P003966,백남규,문인,한국
P003967,백남순,미술가,한국
P003968,백남신,문인,한국
P003969,백남운,문인,한국
P003970,백남환,,한국
P003971,백남훈,문인,한국
P003972,백대진,문인,한국
P003973,백동균,문인,한국
P003974,백동대홍순,문인,한국
P003975,백동섭,미술가,한국
P003976,백동아,,한국
P003977,백두산인,문인,한국
P003978,백락관,문인,한국
P003979,백랑생,,한국
P003980,백랑성,,한국
P003981,백량,문인,한국
P003982,백련,문인,한국
P003983,백령,문인,한국
P003984,백로학인,,한국
P003985,백룡성,,한국
P003986,백릉생,,한국
P003987,백림,,한국
P003988,백림학인,,한국
P003989,백마리,문인,한국
P003990,백면산인,,한국
P003991,백명곤,,한국
P003992,백목,문인,한국
P003993,백몽,문인,한국
P003994,백문현,문인,한국
P003995,백민한정동,문인,한국
P003996,백발생,문인,한국
P003997,백범,문인,한국
P003998,백병민,문인,한국
P003999,백봉,문인,한국
P004000,백봉우,문인,한국
P004001,백산남규,문인,한국
P004002,백산역,문인,한국
P004003,백산인,문인,한국
P004004,백생,문인,한국
P004005,백생영,문인,한국
P004006,백석,문인,한국
P004007,백선호,문인,한국
P004008,백설희,문인,한국
P004009,백성,문인,한국
P004010,백성기,문인,한국
P004011,백성학인,문인,한국
P004012,백성화,문인,한국
P004013,백소연,문인,한국
P004014,백송암,문인,한국
P004015,백수생,문인,한국
P004016,백순음,문인,한국
P004017,백순조,문인,한국
P004018,백시라,문인,한국
P004019,백신애,문인,한국
P004020,백신칠,문인,한국
P004021,백실,문인,한국
P004022,백악산인,문인,한국
P004023,백악학인,문인,한국
P004024,백암동인,문인,한국
P004025,백압,문인,한국
P004026,백야암주인,문인,한국
P004027,백양사,문인,한국
P004028,백양생,문인,한국
P004029,백양아,문인,한국
P004030,백양환민,문인,한국
P004031,백영,문인,한국
P004032,백영기,문인,한국
P004033,백영민,문인,한국
P004034,백영생,문인,한국
P004035,백영순,문인,한국
P004036,백영준,음악가,한국
P004037,백영하,문인,한국
P004038,백옥부,문인,한국
P004039,백옥천,문인,한국
P004040,백옥희,문인,한국
P004041,백온,문인,한국
P004042,백우,문인,한국
P004043,백우신,문인,한국
P004044,백운,문인,한국
P004045,백운당,문인,한국
P004046,백운동인,문인,한국
P004047,백운맥,문인,한국
P004048,백운산인,문인,한국
P004049,백운초,문인,한국
P004050,백운한인,문인,한국
P004051,백월,문인,한국
P004052,백유,문인,한국
P004053,백유생,문인,한국
P004054,백유선,문인,한국
P004055,백윤문,문인,한국
P004056,백은호,문인,한국
P004057,백응규,문인,한국
P004058,백의거사,문인,한국
P004059,백인걸,문인,한국
P004060,백인균,미술가,한국
P004061,백인옥,문인,한국
P004062,백일산인,문인,한국
P004063,백적,문인,한국
P004064,백정,문인,한국
P004065,백정옥,문인,한국
P004066,백정진,문인,한국
P004067,백제,문인,한국
P004068,백조,문인,한국
P004069,백조랑,,한국
P004070,백조생,,한국
P004071,백종,문인,한국
P004072,백준,,한국
P004073,백중빈,문인,한국
P004074,백지변,문인,한국
P004075,백지섭,문인,한국
P004076,백창성,,한국
P004077,백천,문인,한국
P004078,백천인,문인,한국
P004079,백천자,문인,한국
P004080,백천준,문인,한국
P004081,백철,문인,한국
P004082,백철외,,한국
P004083,백촌강,문인,한국
P004084,백촌거사,문인,한국
P004085,백추,문인,한국
P004086,백태민,문인,한국
P004087,백파,문인,한국
P004088,백학구,문인,한국
P004089,백학서,문인,한국
P004090,백학수,,한국
P004091,백합자,문인,한국
P004092,백합화,문인,한국
P004093,백해남,,한국
P004094,백허,문인,한국
P004095,백형기,문인,한국
P004096,백형원,문인,한국
P004097,백호,문인,한국
P004098,백호선,,한국
P004099,백홍,문인,한국
P004100,백홍균,,한국
P004101,백홍생,,한국
P004102,백홍황,,한국
P004103,백화랑,문인,한국
P004104,백화선,문인,한국
P004105,백화역,문인,한국
P004106,백화작,문인,한국
P004107,백황,문인,한국
P004108,백효,문인,한국
P004109,백흥기,문인,한국
P004110,백희,문인,한국
P004111,버너드코리아,문인,한국
P004112,버들바람,,한국
P004113,번역,문인,한국
P004114,벌부,문인,한국
P004115,범시,문인,한국
P004116,범외생,문인,한국
P004117,범익,문인,한국
P004118,범인,문인,한국
P004119,범족리일랑,문인,한국
P004120,범파,문인,한국
P004121,범회,문인,한국
P004122,법송생,문인,한국
P004123,베다니사람,,한국
P004124,베르다,,한국
P004125,벽당산인,문인,한국
P004126,벽미산인,문인,한국
P004127,벽산생,문인,한국
P004128,벽산학인,문인,한국
P004129,벽성,문인,한국
P004130,벽송영,문인,한국
P004131,벽안자,문인,한국
P004132,벽오동,문인,한국
P004133,벽우생,문인,한국
P004134,벽종거사,문인,한국
P004135,벽초홍명희,문인,한국
P004136,벽촌,,한국
P004137,벽타,,한국
P004138,벽타성환,,한국
P004139,벽파,문인,한국
P004140,벽향,문인,한국
P004141,벽향기,문인,한국
P004142,벽호,문인,한국
P004143,변,문인,한국
P004144,변갑,문인,한국
P004145,변기종,문인,한국
P004146,변덕,문인,한국
P004147,변도건,문인,한국
P004148,변동림,,한국
P004149,변동조,문인,한국
P004150,변동죠,문인,한국
P004151,변리현,문인,한국
P004152,변민평,,한국
P004153,변방기,문인,한국
P004154,변봉현,문인,한국
P004155,변상권,문인,한국
P004156,변서봉,문인,한국
P004157,변성렬,,한국
P004158,변성옥,,한국
P004159,변성혼,문인,한국
P004160,변수주,문인,한국
P004161,변영,문인,한국
P004162,변영로,문인,한국
P004163,변영로역,문인,한국
P004164,변영만,문인,한국
P004165,변영만역,문인,한국
P004166,변영서,문인,한국
P004167,변영수,문인,한국
P004168,변영애,문인,한국
P004169,변영원,미술가,한국
P004170,변영태,문인,한국
P004171,변용언,문인,한국
P004172,변일,문인,한국
P004173,변자민,문인,한국
P004174,변자호,문인,한국
P004175,변재완,문인,한국
P004176,변재원,문인,한국
P004177,변중,문인,한국
P004178,변창순,,한국
P004179,변철환,미술가,한국
P004180,변추풍,문인,한국
P004181,변평민,문인,한국
P004182,변홍규,,한국
P004183,변희용,,한국
P004184,별그림,,한국
P004185,별눈,문인,한국
P004186,별빗,문인,한국
P004187,별샘,문인,한국
P004188,병,문인,한국
P004189,병각,문인,한국
P004190,병구,문인,한국
P004191,병규,문인,한국
P004192,병균,문인,한국
P004193,병기,문인,한국
P004194,병남,문인,한국
P004195,병납,,한국
P004196,병달,문인,한국
P004197,병도,문인,한국
P004198,병두,문인,한국
P004199,병락,문인,한국
P004200,병민,,한국
P004201,병산,문인,한국
P004202,병서,문인,한국
P004203,병선,문인,한국
P004204,병섭,문인,한국
P004205,병수,문인,한국
P004206,병순,문인,한국
P004207,병오,문인,한국
P004208,병옥,문인,한국
P004209,병우,문인,한국
P004210,병욱,,한국
P004211,병원소아,문인,한국
P004212,병자,문인,한국
P004213,병조,문인,한국
P004214,병주,문인,한국
P004215,병준,문인,한국
P004216,병지,문인,한국
P004217,병철,문인,한국
P004218,병헌,문인,한국
P004219,병현,문인,한국
P004220,병호,문인,한국
P004221,병화,문인,한국
P004222,병훈,,한국
P004223,병휘,문인,한국
P004224,보산,문인,한국
P004225,보산거사,문인,한국
P004226,보산학인,문인,한국
P004227,보상,문인,한국
P004228,보석,문인,한국
P004229,보성,문인,한국
P004230,보성아,문인,한국
P004231,보영,문인,한국
P004232,보원정수,문인,한국
P004233,보월,문인,한국
P004234,보월생,문인,한국
P004235,보허학인,문인,한국
P004236,보현사묘도,문인,한국
P004237,복녀,문인,한국
P004238,복덕월,,한국
P004239,복림,문인,한국
P004240,복마리아,문인,한국
P004241,복면과객,문인,한국
P004242,복면귀,문인,한국
P004243,복면기자,문인,한국
P004244,복면생,문인,한국
P004245,복면아,문인,한국
P004246,복면자,,한국
P004247,복실,,한국
P004248,복영,,한국
P004249,복원규,,한국
P004250,복현,,한국
P004251,복혜숙,,한국
P004252,복희,문인,한국
P004253,본령,,한국
P004254,본지금사장,,한국
P004255,본지박기자,,한국
P004256,봄,문인,한국
P004257,봄뫼,문인,한국
P004258,봄물결,문인,한국
P004259,봄뵈,문인,한국
P004260,봄언덕,,한국
P004261,봉,문인,한국
P004262,봉강,,한국
P004263,봉거사,,한국
P004264,봉구,문인,한국
P004265,봉규,,한국
P004266,봉래산인,,한국
P004267,봉산전래,문인,한국
P004268,봉생,문인,한국
P004269,봉선화,문인,한국
P004270,봉성,문인,한국
P004271,봉수,,한국
P004272,봉순,,한국
P004273,봉아,문인,한국
P004274,봉악산인,문인,한국
P004275,봉암,문인,한국
P004276,봉암인,,한국
P004277,봉영,,한국
P004278,봉조,,한국
P004279,봉파,문인,한국
P004280,봉학인,문인,한국
P004281,봉화,문인,한국
P004282,봉화현,문인,한국
P004283,봉화현인,문인,한국
P004284,봉황산인,문인,한국
P004285,봉희,,한국
P004286,부,문인,한국
P004287,부래운,,한국
P004288,부루노 타우토,미술가,일본
P004289,부벽거사,,한국
P004290,부열,,한국
P004291,부영문이,,한국
P004292,부용,,한국
P004293,부인,문인,한국
P004294,부인기자,,한국
P004295,부인리명션,,한국
P004296,부인박식화,,한국
P004297,부춘자,연극인,한국
P004298,북계은사,문인,한국
P004299,북교생,,한국
P004300,북국유자,,한국
P004301,북극성역,문인,한국
P004302,북남,문인,한국
P004303,북두칠성,문인,한국
P004304,북려동곡,,한국
P004305,북만,,한국
P004306,북문동인,문인,한국
P004307,북산학인,,한국
P004308,북악산인,문인,한국
P004309,북웅생,문인,한국
P004310,북원백추,문인,한국
P004311,북원초인,문인,한국
P004312,북청생,,한국
P004313,북촌산인,문인,한국
P004314,북태생,,한국
P004315,북풍동심,문인,한국
P004316,북풍산인,문인,한국
P004317,북풍생,문인,한국
P004318,북한산인,,한국
P004319,북한역,,한국
P004320,분성산인,문인,한국
P004321,분옥,,한국
P004322,불수레,문인,한국
P004323,불지우생,문인,한국
P004324,불지우자,문인,한국
P004325,불출,문인,한국
P004326,붉샘,,한국
P004327,붉은빛,문인,한국
P004328,붉은샘,문인,한국
P004329,붕교원태랑,,한국
P004330,붕심,,한국
P004331,붕어,문인,한국
P004332,비구,문인,한국
P004333,비문생,,한국
P004334,비봉산생,,한국
P004335,비봉산인,문인,한국
P004336,비봉인,문인,한국
P004337,비산인,,한국
P004338,비이빈,문인,한국
P004339,비청춘생,문인,한국
P004340,비취,,한국
P004341,비타민,문인,한국
P004342,빈,문인,한국
P004343,빈강어부,문인,한국
P004344,빈구광,문인,한국
P004345,빈농아,문인,한국
P004346,빈순국,문인,한국
P004347,빗,,한국
P004348,빙옥상,문인,한국
P004349,빙월,문인,한국
P004350,빙허현진건,문인,한국
P004351,빠른물,,한국
P004352,빼시,문인,한국
P004353,뻐너드코리아,,한국
P004354,사,문인,한국
P004355,사공일,문인,한국
P004356,사공환,문인,한국
P004357,사금용광,문인,한국
P004358,사녀,문인,한국
P004359,사랑군,문인,한국
P004360,사량돌,문인,한국
P004361,사리원인,문인,한국
P004362,사모아,문인,한국
P004363,사문환,문인,한국
P004364,사반생,문인,한국
P004365,사방산인,,한국
P004366,사사키 다이키,미술가,일본
P004367,사사키 쇼이치,학자,일본
P004368,사사키토시로,미술가,일본
P004369,사산,문인,한국
P004370,사성섭,문인,한국
P004371,사성인,문인,한국
P004372,사아,,한국
P004373,사영,문인,한국
P004374,사옹,,한국
P004375,사와 레이카,미술가,일본
P004376,사와 하지메,미술가,일본
P004377,사외사인,문인,한국
P004378,사우춘,문인,한국
P004379,사운,문인,한국
P004380,사운거사,문인,한국
P004381,사운산인,문인,한국
P004382,사운생,문인,한국
P004383,사운한사,문인,한국
P004384,사운한인,문인,한국
P004385,사이법사,문인,한국
P004386,사이토 긴죠,미술가,일본
P004387,사이토 이오에,미술가,일본
P004388,사이토 카조,미술가,일본
P004389,사정학인,문인,한국
P004390,사주하순,문인,한국
P004391,사중인,문인,한국
P004392,사초사미,문인,한국
P004393,사촌,문인,한국
P004394,사층거사,문인,한국
P004395,사카키야마 준,학자,일본
P004396,사탐,문인,한국
P004397,사토 쯔기오,미술가,일본
P004398,사토 하루오,문인,일본
P004399,사토미 카츠조,미술가,일본
P004400,사토오 죠오산,미술가,일본
P004401,사토우 헤이타로,미술가,일본
P004402,사파영인,문인,한국
P004403,사현필,문인,한국
P004404,사후생,문인,한국
P004405,사휘,문인,한국
P004406,산,문인,한국
P004407,산거,문인,한국
P004408,산고방결,문인,한국
P004409,산당,문인,한국
P004410,산라,문인,한국
P004411,산뫼,문인,한국
P004412,산물,문인,한국
P004413,산방,문인,한국
P004414,산방병부,문인,한국
P004415,산본길구,문인,한국
P004416,산본도주,문인,한국
P004417,산본정식,문인,한국
P004418,산상학인,문인,한국
P004419,산성가인,문인,한국
P004420,산성인,문인,한국
P004421,산웅,문인,한국
P004422,산월,문인,한국
P004423,산인,문인,한국
P004424,산일심,문인,한국
P004425,산전후,문인,한국
P004426,산초부,문인,한국
P004427,산하관생,문인,한국
P004428,산학인,문인,한국
P004429,살별,문인,한국
P004430,삼각산인,문인,한국
P004431,삼매자,문인,한국
P004432,삼목청,문인,한국
P004433,삼무원,문인,한국
P004434,삼보생,문인,한국
P004435,삼봉,문인,한국
P004436,삼산,문인,한국
P004437,삼산생,문인,한국
P004438,삼삼효차랑,문인,한국
P004439,삼성,문인,한국
P004440,삼성기,문인,한국
P004441,삼소생,문인,한국
P004442,삼송자,문인,한국
P004443,삼옥당,문인,한국
P004444,삼용계야성숙,문인,한국
P004445,삼일자,문인,한국
P004446,삼일학인,문인,한국
P004447,삼전,문인,한국
P004448,삼전생,문인,한국
P004449,삼청일객,문인,한국
P004450,삼호동인,문인,한국
P004451,삼호진남,문인,한국
P004452,상,문인,한국
P004453,상공생,문인,한국
P004454,상구,문인,한국
P004455,상규,문인,한국
P004456,상근,,한국
P004457,상기,문인,한국
P004458,상당성인,,한국
P004459,상대,문인,한국
P004460,상도,문인,한국
P004461,상득,문인,한국
P004462,상렬,,한국
P004463,상면,문인,한국
P004464,상모,,한국
P004465,상목,,한국
P004466,상무,문인,한국
P004467,상묵,문인,한국
P004468,상문,문인,한국
P004469,상범,문인,한국
P004470,상상생,문인,한국
P004471,상소생,문인,한국
P004472,상수선,문인,한국
P004473,상숙,문인,한국
P004474,상연,문인,한국
P004475,상영,문인,한국
P004476,상영만,문인,한국
P004477,상옥,문인,한국
P004478,상욱,문인,한국
P004479,상운,문인,한국
P004480,상원,문인,한국
P004481,상은,문인,한국
P004482,상은역,문인,한국
P004483,상인,문인,한국
P004484,상일,문인,한국
P004485,상재,문인,한국
P004486,상정,문인,한국
P004487,상조창,문인,한국
P004488,상준,문인,한국
P004489,상직,문인,한국
P004490,상진,문인,한국
P004491,상춘,문인,한국
P004492,상필,문인,한국
P004493,상해,문인,한국
P004494,상해거사,문인,한국
P004495,상호,문인,한국
P004496,상호인,문인,한국
P004497,상화실산인,문인,한국
P004498,상화역,문인,한국
P004499,상화초,문인,한국
P004500,상훈,문인,한국
P004501,상휘,문인,한국
P004502,상흔,문인,한국
P004503,상희,문인,한국
P004504,새밝,,한국
P004505,새배,,한국
P004506,새벽동산,문인,한국
P004507,새벽종,문인,한국
P004508,새빗,문인,한국
P004509,새빛,문인,한국
P004510,새산,문인,한국
P004511,새새벽,문인,한국
P004512,새샘,문인,한국
P004513,샘달,문인,한국
P004514,생,문인,한국
P004515,생기,문인,한국
P004516,샤갈,미술가,기타
P004517,서,문인,한국
P004518,서강,문인,한국
P004519,서강헌,미술가,한국
P004520,서광로,문인,한국
P004521,서광제,영화인,한국
P004522,서구,문인,한국
P004523,서구작,연극인,한국
P004524,서규린,,한국
P004525,서기관,,한국
P004526,서기영,문인,한국
P004527,서남용,음악가,한국
P004528,서덕룡,문인,한국
P004529,서덕출,문인,한국
P004530,서도학인,,한국
P004531,서동진,미술가,한국
P004532,서두수,문인,한국
P004533,서로,문인,한국
P004534,서리철,문인,한국
P004535,서마왕,문인,한국
P004536,서만팔,,한국
P004537,서목,문인,한국
P004538,서목원,문인,한국
P004539,서몽,문인,한국
P004540,서민거사,,한국
P004541,서백곤,문인,한국
P004542,서범석,,한국
P004543,서변,문인,한국
P004544,서병,문인,한국
P004545,서병각,문인,한국
P004546,서병대,문인,한국
P004547,서병점,,한국
P004548,서삼성,,한국
P004549,서상국,,한국
P004550,서상윤,미술가,한국
P004551,서상일,,한국
P004552,서상천,,한국
P004553,서상필,연극인,한국
P004554,서상호,문인,한국
P004555,서상화,,한국
P004556,서생,문인,한국
P004557,서석,문인,한국
P004558,서석산인,문인,한국
P004559,서석파,문인,한국
P004560,서선암,문인,한국
P004561,서성,문인,한국
P004562,서성기,문인,한국
P004563,서성은숙,,한국
P004564,서성준,문인,한국
P004565,서세충,,한국
P004566,서순구,문인,한국
P004567,서순명,문인,한국
P004568,서신월,문인,한국
P004569,서애,문인,한국
P004570,서야,문인,한국
P004571,서연,문인,한국
P004572,서연억,,한국
P004573,서연희,,한국
P004574,서영,문인,한국
P004575,서영관,문인,한국
P004576,서영덕,문인,한국
P004577,서영희,문인,한국
P004578,서오봉,문인,한국
P004579,서원광세,문인,한국
P004580,서원광웅,문인,한국
P004581,서원초부,문인,한국
P004582,서원초인,문인,한국
P004583,서원출,문인,한국
P004584,서유성,문인,한국
P004585,서유진,문인,한국
P004586,서은숙,문인,한국
P004587,서익조,문인,한국
P004588,서인식,문인,한국
P004589,서일성,문인,한국
P004590,서일영,문인,한국
P004591,서재원,문인,한국
P004592,서재철,문인,한국
P004593,서정권,문인,한국
P004594,서정덕,문인,한국
P004595,서정룡,문인,한국
P004596,서정봉,문인,한국
P004597,서정승,문인,한국
P004598,서정옥,문인,한국
P004599,서정주,문인,한국
P004600,서정하,문인,한국
P004601,서정희,,한국
P004602,서종수,문인,한국
P004603,서준규,문인,한국
P004604,서준환,문인,한국
P004605,서진달,미술가,한국
P004606,서진아,문인,한국
P004607,서창수,문인,한국
P004608,서철,문인,한국
P004609,서촌보길,,한국
P004610,서촌준웅,,한국
P004611,서춘,문인,한국
P004612,서춘보,문인,한국
P004613,서탄,문인,한국
P004614,서태석,문인,한국
P004615,서태호,,한국
P004616,서파,문인,한국
P004617,서팔호실인,,한국
P004618,서피대,,한국
P004619,서하귀성,문인,한국
P004620,서하화,,한국
P004621,서항석,연극인,한국
P004622,서항섭,,한국
P004623,서해,문인,한국
P004624,서해승,문인,한국
P004625,서해영,문인,한국
P004626,서향,문인,한국
P004627,서향운,문인,한국
P004628,서형균,문인,한국
P004629,서호,문인,한국
P004630,서호상인,문인,한국
P004631,서호어자,문인,한국
P004632,서호엽,문인,한국
P004633,서호우강,문인,한국
P004634,서호학인,문인,한국
P004635,서홍석,문인,한국
P004636,서화촌,문인,한국
P004637,서효,문인,한국
P004638,석,문인,한국
P004639,석강,문인,한국
P004640,석계산인,문인,한국
P004641,석곡인,문인,한국
P004642,석곡촌,문인,한국
P004643,석구,문인,한국
P004644,석기범,문인,한국
P004645,석기환,문인,한국
P004646,석담생,문인,한국
P004647,석당자,문인,한국
P004648,석당장서,문인,한국
P004649,석당학인,문인,한국
P004650,석대은,문인,한국
P004651,석동,문인,한국
P004652,석동역,문인,한국
P004653,석두옥,문인,한국
P004654,석락,문인,한국
P004655,석란,문인,한국
P004656,석란생,문인,한국
P004657,석명,문인,한국
P004658,석명득,문인,한국
P004659,석문량,문인,한국
P004660,석범,문인,한국
P004661,석봉,문인,한국
P004662,석북진,문인,한국
P004663,석빈,문인,한국
P004664,석빈륜,문인,한국
P004665,석사문,문인,한국
P004666,석산,문인,한국
P004667,석산인,문인,한국
P004668,석생,문인,한국
P004669,석성,문인,한국
P004670,석수성,미술가,한국
P004671,석순,문인,한국
P004672,석신,,한국
P004673,석영록,문인,한국
P004674,석영안석주,,한국
P004675,석완진,,한국
P004676,석우,문인,한국
P004677,석운,,한국
P004678,석원,문인,한국
P004679,석은,문인,한국
P004680,석인해,문인,한국
P004681,석일,,한국
P004682,석일량,문인,한국
P004683,석일영,문인,한국
P004684,석전,문인,한국
P004685,석전사문,문인,한국
P004686,석정생,문인,한국
P004687,석정호,문인,한국
P004688,석제,문인,한국
P004689,석종,문인,한국
P004690,석주,문인,한국
P004691,석주명,문인,한국
P004692,석죽포,문인,한국
P004693,석징,문인,한국
P004694,석청경,문인,한국
P004695,석초생,문인,한국
P004696,석촌암,문인,한국
P004697,석침,문인,한국
P004698,석포야인,문인,한국
P004699,석하,문인,한국
P004700,석혜성,문인,한국
P004701,석호인,문인,한국
P004702,석화,문인,한국
P004703,석훈,문인,한국
P004704,석훈외,,한국
P004705,선,,한국
P004706,선경,,한국
P004707,선규,연극인,한국
P004708,선근,문인,한국
P004709,선련,,한국
P004710,선민,문인,한국
P004711,선봉식,문인,한국
P004712,선산신일,,한국
P004713,선섭,문인,한국
P004714,선수,문인,한국
P004715,선옹,,한국
P004716,선우기성,문인,한국
P004717,선우만년,문인,한국
P004718,선우신남,,한국
P004719,선우연동,,한국
P004720,선우영,,한국
P004721,선우익,문인,한국
P004722,선우일,,한국
P004723,선우일선,,한국
P004724,선우전,,한국
P004725,선우정순,문인,한국
P004726,선우천복,문인,한국
P004727,선우혜국,,한국
P004728,선자,,한국
P004729,선죽교인,,한국
P004730,선진수,문인,한국
P004731,선천,문인,한국
P004732,선풍,,한국
P004733,선풍아,,한국
P004734,선홍,,한국
P004735,선효,,한국
P004736,선휘,,한국
P004737,선희,문인,한국
P004738,설,문인,한국
P004739,설가식,,한국
P004740,설강학인,,한국
P004741,설광지,,한국
P004742,설령,문인,한국
P004743,설루생,문인,한국
P004744,설린,문인,한국
P004745,설명자,문인,한국
P004746,설문리인,문인,한국
P004747,설봉산인,문인,한국
P004748,설봉아,문인,한국
P004749,설샘,문인,한국
P004750,설서영,문인,한국
P004751,설식,문인,한국
P004752,설우학인,문인,한국
P004753,설운,문인,한국
P004754,설운룡,문인,한국
P004755,설원생,문인,한국
P004756,설윤식,문인,한국
P004757,설의식,문인,한국
P004758,설정,문인,한국
P004759,설정식,문인,한국
P004760,설중매,문인,한국
P004761,설촌,문인,한국
P004762,설태희,문인,한국
P004763,설파,문인,한국
P004764,설형식,문인,한국
P004765,설화산남자,문인,한국
P004766,설회,문인,한국
P004767,섬안,문인,한국
P004768,섭,문인,한국
P004769,성,문인,한국
P004770,성갈막,문인,한국
P004771,성갈맥,,한국
P004772,성갑,문인,한국
P004773,성강,문인,한국
P004774,성거산인,문인,한국
P004775,성경래,,한국
P004776,성경린,문인,한국
P004777,성계,,한국
P004778,성구,,한국
P004779,성규,문인,한국
P004780,성극광,,한국
P004781,성기,문인,한국
P004782,성기돈,문인,한국
P004783,성기로,,한국
P004784,성기순,문인,한국
P004785,성기원,문인,한국
P004786,성기일,문인,한국
P004787,성기희,,한국
P004788,성남생,문인,한국
P004789,성남희,문인,한국
P004790,성대훈,문인,한국
P004791,성도,,한국
P004792,성동학인,,한국
P004793,성동호,연극인,한국
P004794,성락,문인,한국
P004795,성로,,한국
P004796,성록,문인,한국
P004797,성룡,문인,한국
P004798,성루,문인,한국
P004799,성류,문인,한국
P004800,성만초,문인,한국
P004801,성묵,문인,한국
P004802,성민,,한국
P004803,성백수,문인,한국
P004804,성범,문인,한국
P004805,성복순,,한국
P004806,성봉,문인,한국
P004807,성북학인,문인,한국
P004808,성산,문인,한국
P004809,성산인,,한국
P004810,성산초부,연극인,한국
P004811,성산학인,,한국
P004812,성삼,,한국
P004813,성생,,한국
P004814,성서,문인,한국
P004815,성서인,문인,한국
P004816,성서학인,,한국
P004817,성서한인,,한국
P004818,성석훈,문인,한국
P004819,성선희,문인,한국
P004820,성숙,,한국
P004821,성순,문인,한국
P004822,성순기,문인,한국
P004823,성실,,한국
P004824,성암생,문인,한국
P004825,성애,,한국
P004826,성야,문인,한국
P004827,성언,,한국
P004828,성오,문인,한국
P004829,성옥,문인,한국
P004830,성용,,한국
P004831,성원,문인,한국
P004832,성원경,문인,한국
P004833,성응순,,한국
P004834,성인기,,한국
P004835,성일,문인,한국
P004836,성일희,,한국
P004837,성적,문인,한국
P004838,성주,문인,한국
P004839,성지필,문인,한국
P004840,성진,문인,한국
P004841,성진대선,문인,한국
P004842,성진호,문인,한국
P004843,성창,문인,한국
P004844,성천,문인,한국
P004845,성천강인,문인,한국
P004846,성천생,문인,한국
P004847,성추야,,한국
P004848,성태,문인,한국
P004849,성파,문인,한국
P004850,성파생,문인,한국
P004851,성표,문인,한국
P004852,성필수,문인,한국
P004853,성행인,,한국
P004854,성현삼,문인,한국
P004855,성형수,문인,한국
P004856,성호,문인,한국
P004857,성홍,문인,한국
P004858,성환,문인,한국
P004859,세관,문인,한국
P004860,세광,문인,한국
P004861,세기,문인,한국
P004862,세리자와 게이스케,미술가,일본
P004863,세만,문인,한국
P004864,세민,문인,한국
P004865,세보,문인,한국
P004866,세순,문인,한국
P004867,세열,문인,한국
P004868,세영,문인,한국
P004869,세오개,문인,한국
P004870,세운,문인,한국
P004871,세웅,문인,한국
P004872,세진,문인,한국
P004873,세춘,문인,한국
P004874,세탄부,,한국
P004875,세흥,문인,한국
P004876,셜운용,,한국
P004877,셩,,한국
P004878,셩민,,한국
P004879,셩태,,한국
P004880,소,,한국
P004881,소고,문인,한국
P004882,소곤,문인,한국
P004883,소광,문인,한국
P004884,소금쟁이,문인,한국
P004885,소기총독,문인,한국
P004886,소녀,문인,한국
P004887,소년,문인,한국
P004888,소년인,문인,한국
P004889,소도,문인,한국
P004890,소도생,문인,한국
P004891,소란,문인,한국
P004892,소래원,문인,한국
P004893,소림,문인,한국
P004894,소매,문인,한국
P004895,소뫼,,한국
P004896,소민,문인,한국
P004897,소민생,문인,한국
P004898,소백산인,문인,한국
P004899,소복,문인,한국
P004900,소복생,문인,한국
P004901,소봉,문인,한국
P004902,소봉생,문인,한국
P004903,소부,문인,한국
P004904,소산인,문인,한국
P004905,소서,문인,한국
P004906,소석,문인,한국
P004907,소석생,문인,한국
P004908,소성인,문인,한국
P004909,소성초부,문인,한국
P004910,소안,문인,한국
P004911,소암,문인,한국
P004912,소암생,문인,한국
P004913,소야,문인,한국
P004914,소야현,문인,한국
P004915,소양,문인,한국
P004916,소양생,문인,한국
P004917,소연,문인,한국
P004918,소오생,문인,한국
P004919,소완규,문인,한국
P004920,소요산인,문인,한국
P004921,소용,문인,한국
P004922,소용수,문인,한국
P004923,소용유,문인,한국
P004924,소우,문인,한국
P004925,소운거사,문인,한국
P004926,소원,문인,한국
P004927,소유,문인,한국
P004928,소인,문인,한국
P004929,소자,문인,한국
P004930,소재,문인,한국
P004931,소저,문인,한국
P004932,소적산인,문인,한국
P004933,소정,문인,한국
P004934,소제,문인,한국
P004935,소제부,문인,한국
P004936,소조일특파원,문인,한국
P004937,소지열,문인,한국
P004938,소진극,문인,한국
P004939,소천생,문인,한국
P004940,소천원,문인,한국
P004941,소천원일,문인,한국
P004942,소천위,문인,한국
P004943,소천호,문인,한국
P004944,소청,문인,한국
P004945,소춘생,문인,한국
P004946,소필,문인,한국
P004947,소호생,,한국
P004948,속기자,연극인,한국
P004949,속기중,,한국
P004950,속아,문인,한국
P004951,손,문인,한국
P004952,손광선자,,한국
P004953,손금산,문인,한국
P004954,손금숙,,한국
P004955,손기문,문인,한국
P004956,손기정,,한국
P004957,손기표,,한국
P004958,손기화,문인,한국
P004959,손길상,문인,한국
P004960,손동진,미술가,한국
P004961,손득명,문인,한국
P004962,손명현,문인,한국
P004963,손보태,문인,한국
P004964,손빈,문인,한국
P004965,손석태,문인,한국
P004966,손성엽,문인,한국
P004967,손세종,문인,한국
P004968,손수득,문인,한국
P004969,손승만,문인,한국
P004970,손영,문인,한국
P004971,손영기,미술가,한국
P004972,손영석,문인,한국
P004973,손영환,문인,한국
P004974,손완순,,한국
P004975,손완윤,연극인,한국
P004976,손우성,문인,한국
P004977,손을인,,한국
P004978,손응성,,한국
P004979,손일봉,미술가,한국
P004980,손재봉,문인,한국
P004981,손재식,,한국
P004982,손적파금명겸,문인,한국
P004983,손정규,,한국
P004984,손정도,,한국
P004985,손정봉,문인,한국
P004986,손정수,문인,한국
P004987,손정화,문인,한국
P004988,손준,문인,한국
P004989,손진주,문인,한국
P004990,손진태,문인,한국
P004991,손창숑,문인,한국
P004992,손창식,문인,한국
P004993,손초악,문인,한국
P004994,손태보,문인,한국
P004995,손태응,문인,한국
P004996,손풍산,문인,한국
P004997,손해암,문인,한국
P004998,손혁,문인,한국
P004999,손혜순,문인,한국
P005000,손희준,문인,한국
P005001,솔뫼,,한국
P005002,솔샘,문인,한국
P005003,솔시내,문인,한국
P005004,송,문인,한국
P005005,송강윤근,문인,한국
P005006,송경,문인,한국
P005007,송경선,문인,한국
P005008,송경희,문인,한국
P005009,송계원,문인,한국
P005010,송계월,문인,한국
P005011,송곡,문인,한국
P005012,송관범,문인,한국
P005013,송관옥,문인,한국
P005014,송광조,문인,한국
P005015,송귀현,문인,한국
P005016,송근우,문인,한국
P005017,송금선,문인,한국
P005018,송금숙,문인,한국
P005019,송금순,문인,한국
P005020,송기빈,문인,한국
P005021,송기영,문인,한국
P005022,송기정,문인,한국
P005023,송기중,문인,한국
P005024,송기화,문인,한국
P005025,송남원,문인,한국
P005026,송대성,문인,한국
P005027,송덕,문인,한국
P005028,송도만인,문인,한국
P005029,송도인,문인,한국
P005030,송도한인,문인,한국
P005031,송돈식,문인,한국
P005032,송두용,문인,한국
P005033,송림,문인,한국
P005034,송만갑,문인,한국
P005035,송맹수,문인,한국
P005036,송면수,문인,한국
P005037,송명호,문인,한국
P005038,송몽규,문인,한국
P005039,송무익,문인,한국
P005040,송미춘중,문인,한국
P005041,송백소자,문인,한국
P005042,송병돈,미술가,한국
P005043,송병진,문인,한국
P005044,송본행,문인,한국
P005045,송봉수,문인,한국
P005046,송봉우,문인,한국
P005047,송산려식,문인,한국
P005048,송산생,문인,한국
P005049,송산실,문인,한국
P005050,송산원영,문인,한국
P005051,송산충이,문인,한국
P005052,송상의,문인,한국
P005053,송석찬,문인,한국
P005054,송석하,문인,한국
P005055,송선생,문인,한국
P005056,송선일,문인,한국
P005057,송성,문인,한국
P005058,송성하,문인,한국
P005059,송소민,문인,한국
P005060,송송도,문인,한국
P005061,송순섭,문인,한국
P005062,송순용,문인,한국
P005063,송순익,문인,한국
P005064,송순일,문인,한국
P005065,송승옥,문인,한국
P005066,송승완,문인,한국
P005067,송승춘,문인,한국
P005068,송식,문인,한국
P005069,송악산인,문인,한국
P005070,송악정자,문인,한국
P005071,송암,문인,한국
P005072,송언필,문인,한국
P005073,송역,문인,한국
P005074,송영,연극인,한국
P005075,송영구,문인,한국
P005076,송옥련,문인,한국
P005077,송완근,문인,한국
P005078,송완순,문인,한국
P005079,송우헌,문인,한국
P005080,송욱현,문인,한국
P005081,송운,문인,한국
P005082,송원,문인,한국
P005083,송원사,,한국
P005084,송월산인,,한국
P005085,송인정,문인,한국
P005086,송인현,문인,한국
P005087,송인화,,한국
P005088,송일죽,문인,한국
P005089,송일파,,한국
P005090,송자현,문인,한국
P005091,송작,문인,한국
P005092,송작생,문인,한국
P005093,송재복,문인,한국
P005094,송재섭,,한국
P005095,송재엽,문인,한국
P005096,송재운,문인,한국
P005097,송재하,문인,한국
P005098,송재현,문인,한국
P005099,송재홍,문인,한국
P005100,송정,연극인,한국
P005101,송정규,문인,한국
P005102,송정근,문인,한국
P005103,송정석근,,한국
P005104,송정순,,한국
P005105,송정훈,,한국
P005106,송제묵,,한국
P005107,송졍근,문인,한국
P005108,송종만,,한국
P005109,송종수,,한국
P005110,송종숙,,한국
P005111,송종원,문인,한국
P005112,송종호,문인,한국
P005113,송지문,,한국
P005114,송지영,문인,한국
P005115,송지행,문인,한국
P005116,송진옥,문인,한국
P005117,송진우,문인,한국
P005118,송진호,,한국
P005119,송창근,문인,한국
P005120,송창일,문인,한국
P005121,송척,문인,한국
P005122,송철리,문인,한국
P005123,송춘환,문인,한국
P005124,송쾌성,문인,한국
P005125,송태용,문인,한국
P005126,송택원,문인,한국
P005127,송파,문인,한국
P005128,송풍생,문인,한국
P005129,송해광,문인,한국
P005130,송향선,문인,한국
P005131,송헌생,문인,한국
P005132,송현,문인,한국
P005133,송현귀객,문인,한국
P005134,송현인,문인,한국
P005135,송현학인,문인,한국
P005136,송형진,문인,한국
P005137,송혜수,미술가,한국
P005138,송화강인,문인,한국
P005139,송효보,연극인,한국
P005140,송효서,문인,한국
P005141,송흥국,문인,한국
P005142,송흥기,문인,한국
P005143,송희,문인,한국
P005144,쇠내,문인,한국
P005145,쇠놈,문인,한국
P005146,쇠버들,문인,한국
P005147,쇠북,문인,한국
P005148,수,문인,한국
P005149,수과객,문인,한국
P005150,수길,문인,한국
P005151,수당,문인,한국
P005152,수란,문인,한국
P005153,수레박퀴,문인,한국
P005154,수련,,한국
P005155,수룡,문인,한국
P005156,수마목,문인,한국
P005157,수만,문인,한국
P005158,수백,문인,한국
P005159,수봉,문인,한국
P005160,수산나,,한국
P005161,수석,,한국
P005162,수선화,문인,한국
P005163,수성,,한국
P005164,수역,문인,한국
P005165,수영,문인,한국
P005166,수원,문인,한국
P005167,수익,문인,한국
P005168,수주역,문인,한국
P005169,수창씨우인,문인,한국
P005170,수천,문인,한국
P005171,수춘,,한국
P005172,수춘산인,문인,한국
P005173,수춘학인,문인,한국
P005174,수탁,,한국
P005175,수필남,,한국
P005176,수학,문인,한국
P005177,수행기자,문인,한국
P005178,수형,문인,한국
P005179,숙,문인,한국
P005180,숙명,문인,한국
P005181,숙명고생,,한국
P005182,숙자,,한국
P005183,숙종,,한국
P005184,숙해만어,,한국
P005185,순,,한국
P005186,순갑,,한국
P005187,순검,,한국
P005188,순겸,문인,한국
P005189,순경,문인,한국
P005190,순근,,한국
P005191,순근권일,,한국
P005192,순기,,한국
P005193,순녀,,한국
P005194,순동,,한국
P005195,순모,문인,한국
P005196,순백,문인,한국
P005197,순복,,한국
P005198,순식,문인,한국
P005199,순실,,한국
P005200,순업,문인,한국
P005201,순영,문인,한국
P005202,순옥,문인,한국
P005203,순욱,문인,한국
P005204,순이,문인,한국
P005205,순자,문인,한국
P005206,순탁,문인,한국
P005207,순호,문인,한국
P005208,순회기자,,한국
P005209,순희,문인,한국
P005210,술건,문인,한국
P005211,숦샘,문인,한국
P005212,숨은별,문인,한국
P005213,숭령,,한국
P005214,쉬밋도,문인,한국
P005215,쉬잇쉐형제,문인,한국
P005216,슈만,문인,한국
P005217,스기모토 코우이치로,미술가,일본
P005218,스기야마 시시치,미술가,일본
P005219,스기우라 히스이,미술가,일본
P005220,스즈키 구라조,군인,일본
P005221,스즈키 마코도,미술가,일본
P005222,스즈키 사부로,미술가,일본
P005223,스즈키 야스노리,미술가,일본
P005224,스즈키 찌쿠마,미술가,일본
P005225,스카이,문인,한국
P005226,스탄,문인,한국
P005227,슬슬봄,문인,한국
P005228,습풀샘,문인,한국
P005229,승감,문인,한국
P005230,승거,,한국
P005231,승건,문인,한국
P005232,승경애,,한국
P005233,승계형,,한국
P005234,승규,,한국
P005235,승극,,한국
P005236,승덕,,한국
P005237,승란,문인,한국
P005238,승렬,문인,한국
P005239,승만,,한국
P005240,승복,문인,한국
P005241,승성실,문인,한국
P005242,승식,문인,한국
P005243,승엽,문인,한국
P005244,승우,문인,한국
P005245,승원,문인,한국
P005246,승응순,문인,한국
P005247,승응탄,문인,한국
P005248,승일,문인,한국
P005249,승재,문인,한국
P005250,승주,문인,한국
P005251,승표,문인,한국
P005252,승환,문인,한국
P005253,승효탄,문인,한국
P005254,승훈,문인,한국
P005255,승흑,문인,한국
P005256,시골한농부,,한국
P005257,시규,문인,한국
P005258,시라,문인,한국
P005259,시모자토 요시오,미술가,일본
P005260,시목,문인,한국
P005261,시몽루인,문인,한국
P005262,시미즈 도시,미술가,일본
P005263,시미즈 이쿠타로,학자,일본
P005264,시미즈 타카시,미술가,일본
P005265,시복,문인,한국
P005266,시부에 슈기치,미술가,일본
P005267,시수,문인,한국
P005268,시영,문인,한국
P005269,시오데 히데오,미술가,일본
P005270,시온경,문인,한국
P005271,시온성,문인,한국
P005272,시온셩,문인,한국
P005273,시외학인,문인,한국
P005274,시우,문인,한국
P005275,시원,문인,한국
P005276,시은,,한국
P005277,시청,문인,한국
P005278,시촌,,한국
P005279,시촌생,문인,한국
P005280,시한,문인,한국
P005281,시화,문인,한국
P005282,신,문인,한국
P005283,신가일,문인,한국
P005284,신감초,문인,한국
P005285,신경균,,한국
P005286,신경순,문인,한국
P005287,신고송,문인,한국
P005288,신공숙,,한국
P005289,신교석,문인,한국
P005290,신구현,,한국
P005291,신균,,한국
P005292,신근,문인,한국
P005293,신근철,문인,한국
P005294,신긔남,문인,한국
P005295,신기,문인,한국
P005296,신기남,문인,한국
P005297,신기석,문인,한국
P005298,신기숙,문인,한국
P005299,신기원,문인,한국
P005300,신남준,문인,한국
P005301,신남철,문인,한국
P005302,신단재,문인,한국
P005303,신달수,문인,한국
P005304,신덕경,문인,한국
P005305,신도효,문인,한국
P005306,신동기,문인,한국
P005307,신동식,문인,한국
P005308,신동욱,문인,한국
P005309,신동원,문인,한국
P005310,신동철,문인,한국
P005311,신두석,문인,한국
P005312,신랑,,한국
P005313,신령포,문인,한국
P005314,신린범,문인,한국
P005315,신림,문인,한국
P005316,신만중,문인,한국
P005317,신명균,문인,한국
P005318,신명희,문인,한국
P005319,신모토 닌기,음악가,한국
P005320,신몽석,문인,한국
P005321,신문희,문인,한국
P005322,신백수,문인,한국
P005323,신백우,문인,한국
P005324,신백현,문인,한국
P005325,신백희,문인,한국
P005326,신범,문인,한국
P005327,신보석,문인,한국
P005328,신봉조,문인,한국
P005329,신불출,문인,한국
P005330,신빈옥,문인,한국
P005331,신사훈,문인,한국
P005332,신산자,문인,한국
P005333,신상보,문인,한국
P005334,신상빈,문인,한국
P005335,신상우,문인,한국
P005336,신상철,문인,한국
P005337,신생아,문인,한국
P005338,신서야,문인,한국
P005339,신석우,문인,한국
P005340,신석정,문인,한국
P005341,신석정권환이찬윤곤강김광균,,한국
P005342,신석초,문인,한국
P005343,신석호,문인,한국
P005344,신석환,문인,한국
P005345,신선,문인,한국
P005346,신성철,문인,한국
P005347,신셕쥬,문인,한국
P005348,신소년,문인,한국
P005349,신순,문인,한국
P005350,신순복,문인,한국
P005351,신순철,문인,한국
P005352,신시단사,문인,한국
P005353,신식,문인,한국
P005354,신안교,문인,한국
P005355,신양호,문인,한국
P005356,신언준,문인,한국
P005357,신영,문인,한국
P005358,신영숙,문인,한국
P005359,신영순,문인,한국
P005360,신영식,문인,한국
P005361,신영월,문인,한국
P005362,신영철,문인,한국
P005363,신옥,문인,한국
P005364,신용옥,문인,한국
P005365,신용우,미술가,한국
P005366,신웅,문인,한국
P005367,신원,문인,한국
P005368,신원균,문인,한국
P005369,신원식,문인,한국
P005370,신유철,,한국
P005371,신윤혜,,한국
P005372,신은봉,,한국
P005373,신음전,,한국
P005374,신응식,문인,한국
P005375,신익균,문인,한국
P005376,신익희,운동가,한국
P005377,신인식,,한국
P005378,신인준,문인,한국
P005379,신일복,문인,한국
P005380,신일용,문인,한국
P005381,신입생,,한국
P005382,신재범,,한국
P005383,신재봉,문인,한국
P005384,신재원,,한국
P005385,신재항,문인,한국
P005386,신재향,문인,한국
P005387,신정균,,한국
P005388,신정기자,,한국
P005389,신정기자역,문인,한국
P005390,신정대관,,한국
P005391,신정수,,한국
P005392,신정숙,,한국
P005393,신정언,문인,한국
P005394,신정연희,문인,한국
P005395,신종석,,한국
P005396,신좌현,,한국
P005397,신진순,문인,한국
P005398,신창두,,한국
P005399,신창현,문인,한국
P005400,신채호,문인,한국
P005401,신천식,문인,한국
P005402,신천옹,문인,한국
P005403,신철,문인,한국
P005404,신철민,문인,한국
P005405,신청거,문인,한국
P005406,신촌인,문인,한국
P005407,신춘강,문인,한국
P005408,신출,문인,한국
P005409,신태련,문인,한국
P005410,신태범,연극인,한국
P005411,신태성,문인,한국
P005412,신태순,문인,한국
P005413,신태악,문인,한국
P005414,신태익,문인,한국
P005415,신태호,문인,한국
P005416,신텬옹,,한국
P005417,신필희,문인,한국
P005418,신학범,문인,한국
P005419,신한경,문인,한국
P005420,신해명,문인,한국
P005421,신혁,문인,한국
P005422,신현,문인,한국
P005423,신현숙,문인,한국
P005424,신현중,문인,한국
P005425,신형철,문인,한국
P005426,신호,문인,한국
P005427,신호경,문인,한국
P005428,신호대,문인,한국
P005429,신호식,문인,한국
P005430,신호탑,문인,한국
P005431,신홍휴,미술가,한국
P005432,신효정,문인,한국
P005433,신후연,문인,한국
P005434,신흥우,운동가,한국
P005435,신흥철,문인,한국
P005436,신희문,문인,한국
P005437,신희순,문인,한국
P005438,실경,문인,한국
P005439,실도삼조,문인,한국
P005440,실명,문인,한국
P005441,실명씨,문인,한국
P005442,실명인,문인,한국
P005443,실명초,문인,한국
P005444,실직이,문인,한국
P005445,심,,한국
P005446,심견초부,문인,한국
P005447,심경생,문인,한국
P005448,심농생,문인,한국
P005449,심당학인,문인,한국
P005450,심래섭,미술가,한국
P005451,심상규,문인,한국
P005452,심성,문인,한국
P005453,심영,배우,한국
P005454,심원,문인,한국
P005455,심재설,문인,한국
P005456,심천,문인,한국
P005457,심학생,문인,한국
P005458,심해,문인,한국
P005459,심형구,미술가,한국
P005460,심훈,문인,한국
P005461,쌍,문인,한국
P005462,쌍곡아,문인,한국
P005463,쌍목생,,한국
P005464,쌍산화성,문인,한국
P005465,쌍생,문인,한국
P005466,쌍수태인,,한국
P005467,쌍작,문인,한국
P005468,쌍하자,,한국
P005469,쏘피야듀로메르,문인,한국
P005470,쏠파,문인,한국
P005471,씨삐에쓰,문인,한국
P005472,아,문인,한국
P005473,아가다,문인,한국
P005474,아그노엘,,한국
P005475,아낭,문인,한국
P005476,아녀,,한국
P005477,아다치 겐이치로,미술가,일본
P005478,아라사,문인,한국
P005479,아라이 미츠오,미술가,일본
P005480,아라이 이즈미,미술가,일본
P005481,아라이 토시카네,음악가,한국
P005482,아령,,한국
P005483,아리나레,문인,한국
P005484,아몽,,한국
P005485,아미,문인,한국
P005486,아베 고우지로,미술가,일본
P005487,아베 곤고,미술가,일본
P005488,아베 도모지,문인,일본
P005489,아베 요시후미,미술가,일본
P005490,아부,문인,한국
P005491,아비생,,한국
P005492,아사가 긴시로,미술가,일본
P005493,아사하라 로쿠로우,미술가,일본
P005494,아서,문인,한국
P005495,아성,문인,한국
P005496,아소,문인,한국
P005497,아소 사부로,미술가,일본
P005498,아아,,한국
P005499,아알씨,문인,한국
P005500,아연동인,,한국
P005501,아오야마 요시오,미술가,일본
P005502,아우,연극인,한국
P005503,아을파,문인,한국
P005504,아이동모,문인,한국
P005505,아자,,한국
P005506,아저씨,문인,한국
P005507,아청,문인,한국
P005508,아카바네 오로,학자,일본
P005509,아편설라,,한국
P005510,아평원,문인,한국
P005511,아현동인,,한국
P005512,악,문인,한국
P005513,악산인,문인,한국
P005514,악양학인,,한국
P005515,악예,문인,한국
P005516,악평,문인,한국
P005517,안,문인,한국
P005518,안갑년,문인,한국
P005519,안개소래,문인,한국
P005520,안경,문인,한국
P005521,안경모,,한국
P005522,안경산,문인,한국
P005523,안경확,문인,한국
P005524,안계남,문인,한국
P005525,안공근,문인,한국
P005526,안광,문인,한국
P005527,안광용,문인,한국
P005528,안광천,문인,한국
P005529,안광호,문인,한국
P005530,안교계,문인,한국
P005531,안교영,문인,한국
P005532,안국선,문인,한국
P005533,안국태,문인,한국
P005534,안규응,문인,한국
P005535,안금순,문인,한국
P005536,안기영,문인,한국
P005537,안기풍,미술가,한국
P005538,안길선,문인,한국
P005539,안나,,한국
P005540,안남,문인,한국
P005541,안남원,문인,한국
P005542,안대선,음악가,한국
P005543,안대유,문인,한국
P005544,안덕근,문인,한국
P005545,안도 고이치,미술가,일본
P005546,안동삭,문인,한국
P005547,안동수,문인,한국
P005548,안동월,문인,한국
P005549,안동일,문인,한국
P005550,안동혁,문인,한국
P005551,안동현,문인,한국
P005552,안렬,문인,한국
P005553,안막,문인,한국
P005554,안만,문인,한국
P005555,안면,문인,한국
P005556,안무직부,문인,한국
P005557,안문경,문인,한국
P005558,안민,문인,한국
P005559,안민세,문인,한국
P005560,안민영,문인,한국
P005561,안백곤,문인,한국
P005562,안병,문인,한국
P005563,안병덕,문인,한국
P005564,안병선,문인,한국
P005565,안병주,문인,한국
P005566,안병준,문인,한국
P005567,안병호,문인,한국
P005568,안상,문인,한국
P005569,안상천,문인,한국
P005570,안상철,문인,한국
P005571,안서생,문인,한국
P005572,안서억,,한국
P005573,안서연,문인,한국
P005574,안서한,문인,한국
P005575,안석영,미술가,한국
P005576,안석하,,한국
P005577,안선,문인,한국
P005578,안선비,문인,한국
P005579,안선생,문인,한국
P005580,안선흥,,한국
P005581,안수길,문인,한국
P005582,안수익,,한국
P005583,안수호,문인,한국
P005584,안순,문인,한국
P005585,안순집,문인,한국
P005586,안순환,,한국
P005587,안승태,문인,한국
P005588,안승한,,한국
P005589,안신부,,한국
P005590,안신영,문인,한국
P005591,안악양진원,문인,한국
P005592,안암장주인,문인,한국
P005593,안연주,,한국
P005594,안영,,한국
P005595,안영경,문인,한국
P005596,안영균,문인,한국
P005597,안영수,문인,한국
P005598,안영숙,문인,한국
P005599,안영일,문인,한국
P005600,안영자,문인,한국
P005601,안오남,,한국
P005602,안옥순,,한국
P005603,안왕거,,한국
P005604,안용,문인,한국
P005605,안용순,문인,한국
P005606,안우삼,문인,한국
P005607,안운파,문인,한국
P005608,안윤흡,,한국
P005609,안응렬,,한국
P005610,안의리,,한국
P005611,안익태,음악가,한국
P005612,안인,문인,한국
P005613,안인수,,한국
P005614,안일,문인,한국
P005615,안일송,,한국
P005616,안일영,,한국
P005617,안일준,문인,한국
P005618,안임순,문인,한국
P005619,안자산,학자,한국
P005620,안자이 후유에,문인,일본
P005621,안재일,문인,한국
P005622,안재일역,문인,한국
P005623,안재홍,운동가,한국
P005624,안전민,문인,한국
P005625,안전원철,,한국
P005626,안정근,문인,한국
P005627,안정심,,한국
P005628,안정옥,,한국
P005629,안정창,,한국
P005630,안종갑,문인,한국
P005631,안종원,문인,한국
P005632,안종화,문인,한국
P005633,안주일강생,,한국
P005634,안준식,문인,한국
P005635,안지담,,한국
P005636,안진권,,한국
P005637,안창남,,한국
P005638,안창수,,한국
P005639,안창엽,문인,한국
P005640,안창우,문인,한국
P005641,안창호,문인,한국
P005642,안철호,문인,한국
P005643,안태시,문인,한국
P005644,안테나,,한국
P005645,안평원,문인,한국
P005646,안함광,문인,한국
P005647,안형주,,한국
P005648,안형중,,한국
P005649,안혜조,,한국
P005650,안호상,문인,한국
P005651,안호석,,한국
P005652,안홍국,문인,한국
P005653,안화,,한국
P005654,안화산,문인,한국
P005655,안확,문인,한국
P005656,안활상,,한국
P005657,안회남,문인,한국
P005658,안회남작,문인,한국
P005659,안회종,문인,한국
P005660,안효분,문인,한국
P005661,안효승,문인,한국
P005662,안희구,문인,한국
P005663,안희국,,한국
P005664,알베트,,한국
P005665,알벨도,문인,한국
P005666,알빼트,,한국
P005667,암,문인,한국
P005668,암거사,문인,한국
P005669,암전화성,,한국
P005670,암파,문인,한국
P005671,암팔촌인,문인,한국
P005672,앙드레 마송,미술가,프랑스
P005673,앙드레 보통,미술가,기타
P005674,앙드레 살몽,미술가,프랑스
P005675,애정,,한국
P005676,애코노미쓰트,,한국
P005677,앵,,한국
P005678,앵도원인,,한국
P005679,앵봉생,문인,한국
P005680,야,문인,한국
P005681,야고보,문인,한국
P005682,야고섭,문인,한국
P005683,야광,,한국
P005684,야광주,문인,한국
P005685,야구우정,,한국
P005686,야나기 무네요시,문인,일본
P005687,야나베 에이자부로,정치가,일본
P005688,야나세 마사무,미술가,일본
P005689,야마구치 호슌,미술가,일본
P005690,야마기와 신에이,미술가,일본
P005691,야마나 아야오,미술가,일본
P005692,야마나카 치루우,미술가,일본
P005693,야마다 도모사부로,미술가,일본
P005694,야마다 미노루,미술가,일본
P005695,야마다 하지메,미술가,일본
P005696,야마모토 사네히코,문인,일본
P005697,야마모토 세이지,음악가,한국
P005698,야마모토 이치로,음악가,한국
P005699,야마미치 에이스케,미술가,일본
P005700,야마시로 킨타로,음악가,한국
P005701,야마시타 세이지,미술가,일본
P005702,야마와키 이와오,미술가,일본
P005703,야베 세이키치,미술가,일본
P005704,야성,문인,한국
P005705,야스다 유키히코,미술가,일본
P005706,야스이 소타로,미술가,일본
P005707,야자생,문인,한국
P005708,야정,문인,한국
P005709,약동,문인,한국
P005710,약산학인,문인,한국
P005711,약슬,문인,한국
P005712,약안,문인,한국
P005713,약천,문인,한국
P005714,약풍생,문인,한국
P005715,양,문인,한국
P005716,양건식,문인,한국
P005717,양건훈,미술가,한국
P005718,양고파,문인,한국
P005719,양근,문인,한국
P005720,양도선,문인,한국
P005721,양림,문인,한국
P005722,양명,문인,한국
P005723,양명봉,문인,한국
P005724,양미림,문인,한국
P005725,양배,문인,한국
P005726,양백화,문인,한국
P005727,양백화외,,한국
P005728,양봉,문인,한국
P005729,양봉근,문인,한국
P005730,양봉래,,한국
P005731,양상은,문인,한국
P005732,양상호,문인,한국
P005733,양성희,문인,한국
P005734,양수,문인,한국
P005735,양순아,문인,한국
P005736,양승건,문인,한국
P005737,양신,문인,한국
P005738,양심곡인,문인,한국
P005739,양심학인,문인,한국
P005740,양아,문인,한국
P005741,양야청,문인,한국
P005742,양운한,문인,한국
P005743,양월,문인,한국
P005744,양윤식,문인,한국
P005745,양은상,,한국
P005746,양재응,문인,한국
P005747,양재하,정치가,한국
P005748,양정희,문인,한국
P005749,양제현,,한국
P005750,양종길,문인,한국
P005751,양주동,문인,한국
P005752,양주호,미술가,한국
P005753,양준,문인,한국
P005754,양준화,문인,한국
P005755,양중희,문인,한국
P005756,양촌,문인,한국
P005757,양치중,문인,한국
P005758,양침쟁이,,한국
P005759,양탄실,,한국
P005760,양태훈,,한국
P005761,양풍생,문인,한국
P005762,양하,문인,한국
P005763,양학제,미술가,한국
P005764,양한운,문인,한국
P005765,양한인,,한국
P005766,양화실홍이영,문인,한국
P005767,양훈,,한국
P005768,어구선,,한국
P005769,어덕,,한국
P005770,어도선,문인,한국
P005771,어비신,,한국
P005772,어선,,한국
P005773,어조동실주인,,한국
P005774,어진길,문인,한국
P005775,억,문인,한국
P005776,억겸,,한국
P005777,억등,문인,한국
P005778,억생,문인,한국
P005779,억생발,,한국
P005780,억해,문인,한국
P005781,언군,,한국
P005782,언철,문인,한국
P005783,엄경춘,문인,한국
P005784,엄기선,문인,한국
P005785,엄달호,문인,한국
P005786,엄병룡,문인,한국
P005787,엄산월,,한국
P005788,엄상섭,문인,한국
P005789,엄성업,,한국
P005790,엄성주,,한국
P005791,엄성학,문인,한국
P005792,엄용순,,한국
P005793,엄익갑,문인,한국
P005794,엄창섭,문인,한국
P005795,엄천섭,문인,한국
P005796,엄태섭,,한국
P005797,엄파,,한국
P005798,엄항섭,문인,한국
P005799,엄향,연극인,한국
P005800,엄형,연극인,한국
P005801,엄흥,문인,한국
P005802,엄흥섭,문인,한국
P005803,업아력,,한국
P005804,에덴,문인,한국
P005805,에밀마텔,,한국
P005806,에비하라 기노스케,미술가,일본
P005807,에쓰삐생,문인,한국
P005808,에쓰피,,한국
P005809,엑쓰,,한국
P005810,여,문인,한국
P005811,여든셋번역,,한국
P005812,여보출소원,문인,한국
P005813,여사,,한국
P005814,여산,문인,한국
P005815,여성,,한국
P005816,여시산방,문인,한국
P005817,여시청생,문인,한국
P005818,여암,문인,한국
P005819,여운형,문인,한국
P005820,여월,문인,한국
P005821,여인,문인,한국
P005822,여자봉인,,한국
P005823,여태,,한국
P005824,여항산인,문인,한국
P005825,역,문인,한국
P005826,역생,,한국
P005827,역천생,,한국
P005828,연,문인,한국
P005829,연갑순,문인,한국
P005830,연경교인,,한국
P005831,연경학인,,한국
P005832,연명흠,연극인,한국
P005833,연산홍,문인,한국
P005834,연섭,,한국
P005835,연성정호최병화,문인,한국
P005836,연성흠,문인,한국
P005837,연세,,한국
P005838,연송,,한국
P005839,연순,문인,한국
P005840,연애,,한국
P005841,연애라,문인,한국
P005842,연연생,,한국
P005843,연연옹,,한국
P005844,연연자,문인,한국
P005845,연옥,문인,한국
P005846,연인,문인,한국
P005847,연전,문인,한국
P005848,연점,,한국
P005849,연주인,,한국
P005850,연준,,한국
P005851,연파생,문인,한국
P005852,연학년,문인,한국
P005853,연호당,문인,한국
P005854,연홍,문인,한국
P005855,연화생,,한국
P005856,열돌음빙객,,한국
P005857,열재션생,문인,한국
P005858,염근수,문인,한국
P005859,염문인,,한국
P005860,염상섭,문인,한국
P005861,염주용,문인,한국
P005862,엽,문인,한국
P005863,엽생,,한국
P005864,엽송,문인,한국
P005865,엽자,문인,한국
P005866,엽주장재문,문인,한국
P005867,엽춘,,한국
P005868,영,문인,한국
P005869,영구,문인,한국
P005870,영근,문인,한국
P005871,영길,,한국
P005872,영동,문인,한국
P005873,영득,문인,한국
P005874,영만,문인,한국
P005875,영모,문인,한국
P005876,영민,문인,한국
P005877,영빈,문인,한국
P005878,영삼,문인,한국
P005879,영생,문인,한국
P005880,영선,,한국
P005881,영섭,문인,한국
P005882,영셥,문인,한국
P005883,영숙,문인,한국
P005884,영술,,한국
P005885,영식,문인,한국
P005886,영암,문인,한국
P005887,영애,,한국
P005888,영원,문인,한국
P005889,영원생,문인,한국
P005890,영윤,,한국
P005891,영은,문인,한국
P005892,영일,문인,한국
P005893,영재,문인,한국
P005894,영종역,,한국
P005895,영주,문인,한국
P005896,영준,문인,한국
P005897,영찬,문인,한국
P005898,영창,문인,한국
P005899,영천정남,,한국
P005900,영철,문인,한국
P005901,영철생,,한국
P005902,영초,,한국
P005903,영추생,문인,한국
P005904,영춘,문인,한국
P005905,영춘이,,한국
P005906,영태,문인,한국
P005907,영택생,,한국
P005908,영파,,한국
P005909,영평인,문인,한국
P005910,영한,문인,한국
P005911,영혜,문인,한국
P005912,영홍생,,한국
P005913,영화,문인,한국
P005914,영환,문인,한국
P005915,영휴,문인,한국
P005916,영희,문인,한국
P005917,예성,,한국
P005918,예성생,,한국
P005919,예암,,한국
P005920,예영,문인,한국
P005921,예운산인,,한국
P005922,오가타 카메노스케,문인,일본
P005923,오경선,,한국
P005924,오경호,문인,한국
P005925,오계남,문인,한국
P005926,오계순,,한국
P005927,오고성,문인,한국
P005928,오광진,문인,한국
P005929,오교,문인,한국
P005930,오긍선,,한국
P005931,오기선,문인,한국
P005932,오기순,연극인,한국
P005933,오기영,,한국
P005934,오길,,한국
P005935,오노미야 중이치,미술가,일본
P005936,오덕,문인,한국
P005937,오덕근,문인,한국
P005938,오덕순,,한국
P005939,오덕표,문인,한국
P005940,오뎁슨,,한국
P005941,오도주,문인,한국
P005942,오동근,문인,한국
P005943,오동산인,문인,한국
P005944,오동헌,문인,한국
P005945,오란,문인,한국
P005946,오령,문인,한국
P005947,오룡순,문인,한국
P005948,오류촌거사,,한국
P005949,오명순,문인,한국
P005950,오모다 세이키,미술가,일본
P005951,오몽헌,문인,한국
P005952,오몽현,문인,한국
P005953,오민생,,한국
P005954,오백근,문인,한국
P005955,오백파,문인,한국
P005956,오벽,,한국
P005957,오병길,,한국
P005958,오병남,문인,한국
P005959,오봉빈,,한국
P005960,오사라기 지로,문인,일본
P005961,오산성,문인,한국
P005962,오산준남,문인,한국
P005963,오상근,문인,한국
P005964,오상순,문인,한국
P005965,오상준,,한국
P005966,오생,,한국
P005967,오석범,문인,한국
P005968,오석종,문인,한국
P005969,오석주,,한국
P005970,오석천,,한국
P005971,오성당인,,한국
P005972,오성덕,문인,한국
P005973,오성환,문인,한국
P005974,오세명,문인,한국
P005975,오세창,문인,한국
P005976,오세천,문인,한국
P005977,오소생,,한국
P005978,오송계,문인,한국
P005979,오송환,미술가,한국
P005980,오수명,문인,한국
P005981,오수산,,한국
P005982,오수향,,한국
P005983,오숙근,,한국
P005984,오순,,한국
P005985,오시영,문인,한국
P005986,오신혜,문인,한국
P005987,오애엽,,한국
P005988,오영,연극인,한국
P005989,오영근,,한국
P005990,오영숙,문인,한국
P005991,오영진,문인,한국
P005992,오영휘,문인,한국
P005993,오오노 타카요시,음악가,한국
P005994,오오노준이치,미술가,일본
P005995,오오누키 데이지,미술가,일본
P005996,오오미야 겐타로,학자,일본
P005997,오오츠키 켄조,음악가,한국
P005998,오오카네자와,음악가,한국
P005999,오오쿠보 요시아키,미술가,일본
P006000,오오타 사부로,미술가,일본
P006001,오온,,한국
P006002,오용옥,문인,한국
P006003,오용훈,문인,한국
P006004,오우라 슈조,미술가,일본
P006005,오월,문인,한국
P006006,오월촌,문인,한국
P006007,오유생,,한국
P006008,오윤모,문인,한국
P006009,오윤태,문인,한국
P006010,오응선,문인,한국
P006011,오이,,한국
P006012,오인순,문인,한국
P006013,오인실,,한국
P006014,오인영,,한국
P006015,오인호,,한국
P006016,오일도,문인,한국
P006017,오일상,,한국
P006018,오일수,,한국
P006019,오일순,문인,한국
P006020,오자키 사부로,미술가,일본
P006021,오자키 시로,문인,일본
P006022,오장환,문인,한국
P006023,오재동,문인,한국
P006024,오재협,,한국
P006025,오정규,,한국
P006026,오정민,문인,한국
P006027,오정석,,한국
P006028,오정수,,한국
P006029,오정제,,한국
P006030,오종섭,,한국
P006031,오종식,언론인,한국
P006032,오준영,문인,한국
P006033,오지숙,,한국
P006034,오지영,문인,한국
P006035,오지영옹,문인,한국
P006036,오지호,미술가,한국
P006037,오진봉,문인,한국
P006038,오진영,,한국
P006039,오창규,,한국
P006040,오창룡,,한국
P006041,오천석,학자,한국
P006042,오천석역,연극인,한국
P006043,오천영,문인,한국
P006044,오철영,문인,한국
P006045,오철환,문인,한국
P006046,오청,,한국
P006047,오청혜,,한국
P006048,오초파,,한국
P006049,오치대,문인,한국
P006050,오칠석,,한국
P006051,오카다 사부로,미술가,일본
P006052,오카다 사부로스케,미술가,일본
P006053,오카다 준이치,영화인,일본
P006054,오카다 카메노스케,미술가,일본
P006055,오카모토 잇페이,미술가,일본
P006056,오카모토 타로,미술가,일본
P006057,오카토 사다지,미술가,일본
P006058,오쾌가,,한국
P006059,오쾌일,,한국
P006060,오쿠무라 도규,미술가,일본
P006061,오키나 큐인,미술가,일본
P006062,오타 우치,문인,일본
P006063,오태준,,한국
P006064,오태진,,한국
P006065,오태현,,한국
P006066,오판석,문인,한국
P006067,오해봉,문인,한국
P006068,오행자,,한국
P006069,오헌,,한국
P006070,오현생,문인,한국
P006071,오현수,문인,한국
P006072,오형택,문인,한국
P006073,오호연,문인,한국
P006074,오화룡,문인,한국
P006075,오화순,문인,한국
P006076,오화영,,한국
P006077,오환,문인,한국
P006078,오효선,음악가,한국
P006079,오희병,문인,한국
P006080,옥,문인,한국
P006081,옥경,,한국
P006082,옥관빈,,한국
P006083,옥동,연극인,한국
P006084,옥동거사,문인,한국
P006085,옥례,문인,한국
P006086,옥매,문인,한국
P006087,옥산파,,한국
P006088,옥생,,한국
P006089,옥소산인,,한국
P006090,옥쓴함,문인,한국
P006091,옥인,문인,한국
P006092,옥자,,한국
P006093,옥주,문인,한국
P006094,옥주인,,한국
P006095,옥찬,,한국
P006096,옥천,문인,한국
P006097,옥천산인,문인,한국
P006098,옥천산인만묵,,한국
P006099,옥천음자,,한국
P006100,옥천자,문인,한국
P006101,옥천학인,,한국
P006102,옥초,문인,한국
P006103,옥향,문인,한국
P006104,옥희,,한국
P006105,온,문인,한국
P006106,온고학인,문인,한국
P006107,온중,,한국
P006108,와다 에이사쿠,미술가,일본
P006109,와롱,문인,한국
P006110,와룡거사,문인,한국
P006111,와보,,한국
P006112,와우산인,문인,한국
P006113,와우성인,,한국
P006114,와인,,한국
P006115,와타나베 도미조,미술가,일본
P006116,와타나베 소슈우,미술가,일본
P006117,완,문인,한국
P006118,완규,문인,한국
P006119,완순,문인,한국
P006120,완시생,문인,한국
P006121,완응,,한국
P006122,완조,문인,한국
P006123,완호,문인,한국
P006124,완희,,한국
P006125,왕길지,,한국
P006126,왕대명,,한국
P006127,왕대아,문인,한국
P006128,왕동,,한국
P006129,왕생,,한국
P006130,왕주평,,한국
P006131,외,연극인,한국
P006132,외노래,문인,한국
P006133,외달,문인,한국
P006134,외바위,문인,한국
P006135,외별,문인,한국
P006136,외별외,,한국
P006137,외섭,,한국
P006138,요네 야시노부,미술가,일본
P006139,요노미야 중이치,미술가,일본
P006140,요랑아,문인,한국
P006141,요례,,한국
P006142,요시다 겐이치,연극인,일본
P006143,요시다 히데카즈,미술가,일본
P006144,요시다찌 사부로,미술가,일본
P006145,요시이 타다시,연극인,일본
P006146,요아,문인,한국
P006147,요안나,문인,한국
P006148,요철생,,한국
P006149,요코미츠 리이치,문인,일본
P006150,욕명생초역,문인,한국
P006151,용,문인,한국
P006152,용규,,한국
P006153,용근,문인,한국
P006154,용담,,한국
P006155,용득,,한국
P006156,용림,문인,한국
P006157,용석,문인,한국
P006158,용설,,한국
P006159,용식,문인,한국
P006160,용악,문인,한국
P006161,용옥,,한국
P006162,용우,,한국
P006163,용원,문인,한국
P006164,용은,,한국
P006165,용재,,한국
P006166,용주,문인,한국
P006167,용철,문인,한국
P006168,용호,문인,한국
P006169,우,문인,한국
P006170,우강,문인,한국
P006171,우강생,문인,한국
P006172,우견생,문인,한국
P006173,우고영,문인,한국
P006174,우고최,문인,한국
P006175,우공,,한국
P006176,우국생,,한국
P006177,우국화,문인,한국
P006178,우금주,문인,한국
P006179,우령생,,한국
P006180,우망,문인,한국
P006181,우메하라 류사브로,미술가,일본
P006182,우몽산인,,한국
P006183,우몽인,,한국
P006184,우몽인초,문인,한국
P006185,우미노 코이치,음악가,한국
P006186,우민,문인,한국
P006187,우백,문인,한국
P006188,우보생,연극인,한국
P006189,우봉운,,한국
P006190,우봉익,문인,한국
P006191,우산학인,문인,한국
P006192,우상,문인,한국
P006193,우상중,문인,한국
P006194,우서라,문인,한국
P006195,우서운,문인,한국
P006196,우석생,,한국
P006197,우성생,,한국
P006198,우성익,문인,한국
P006199,우성희,,한국
P006200,우송생,,한국
P006201,우순영,문인,한국
P006202,우순옥,,한국
P006203,우승규,문인,한국
P006204,우시생,,한국
P006205,우식,,한국
P006206,우암생,문인,한국
P006207,우양래,연극인,한국
P006208,우양자,,한국
P006209,우역생,,한국
P006210,우연희,문인,한국
P006211,우영규,,한국
P006212,우영생,문인,한국
P006213,우영태,문인,한국
P006214,우와,문인,한국
P006215,우월,,한국
P006216,우의규,,한국
P006217,우인,연극인,한국
P006218,우인수,,한국
P006219,우작,,한국
P006220,우적,,한국
P006221,우조,문인,한국
P006222,우종,문인,한국
P006223,우주인,,한국
P006224,우죽,문인,한국
P006225,우창형,문인,한국
P006226,우창훈,,한국
P006227,우채현,,한국
P006228,우척생,문인,한국
P006229,우천,문인,한국
P006230,우춘산인,,한국
P006231,우탄,,한국
P006232,우탄생,,한국
P006233,우태형,문인,한국
P006234,우태희,,한국
P006235,우풍,,한국
P006236,우해천,,한국
P006237,우향,문인,한국
P006238,우호익,,한국
P006239,우화도인,,한국
P006240,우화생,문인,한국
P006241,우화원,문인,한국
P006242,우효종,문인,한국
P006243,우희일,,한국
P006244,욱포,문인,한국
P006245,운,문인,한국
P006246,운강생,문인,한국
P006247,운계생,문인,한국
P006248,운곡산인,,한국
P006249,운규,연극인,한국
P006250,운니학인,,한국
P006251,운달산인,문인,한국
P006252,운림,문인,한국
P006253,운림산인,문인,한국
P006254,운림생,연극인,한국
P006255,운림초역,문인,한국
P006256,운몽,,한국
P006257,운문인,문인,한국
P006258,운방,연극인,한국
P006259,운벽,,한국
P006260,운봉산인,문인,한국
P006261,운산,문인,한국
P006262,운산두타,문인,한국
P006263,운산훈,문인,한국
P006264,운상,문인,한국
P006265,운생림,문인,한국
P006266,운성,,한국
P006267,운송,문인,한국
P006268,운암산인,,한국
P006269,운옹,문인,한국
P006270,운외인,,한국
P006271,운월산인,문인,한국
P006272,운정생,,한국
P006273,운조,문인,한국
P006274,운주,문인,한국
P006275,운천,문인,한국
P006276,운천생,문인,한국
P006277,운초,,한국
P006278,운파,문인,한국
P006279,운파생,문인,한국
P006280,운포,문인,한국
P006281,운한,문인,한국
P006282,운해,문인,한국
P006283,운혁,,한국
P006284,운형,,한국
P006285,운홍,,한국
P006286,울림,,한국
P006287,울천,,한국
P006288,웅,연극인,한국
P006289,웅진,문인,한국
P006290,원,문인,한국
P006291,원거,,한국
P006292,원경,,한국
P006293,원규,문인,한국
P006294,원균,문인,한국
P006295,원근,문인,한국
P006296,원덕상,문인,한국
P006297,원동학인,,한국
P006298,원명담,,한국
P006299,원명준,문인,한국
P006300,원모,문인,한국
P006301,원문,문인,한국
P006302,원민,,한국
P006303,원보패,,한국
P006304,원봉관,문인,한국
P006305,원봉준,,한국
P006306,원빈,문인,한국
P006307,원상일,,한국
P006308,원상준,문인,한국
P006309,원생,문인,한국
P006310,원선희,문인,한국
P006311,원섭,문인,한국
P006312,원세묵,,한국
P006313,원세하,문인,한국
P006314,원세훈,문인,한국
P006315,원수,문인,한국
P006316,원수봉인,,한국
P006317,원숙,문인,한국
P006318,원순갑,,한국
P006319,원순희,문인,한국
P006320,원숭이,,한국
P006321,원식,문인,한국
P006322,원암,문인,한국
P006323,원암오지영,,한국
P006324,원암옹,문인,한국
P006325,원암자,,한국
P006326,원앙새,문인,한국
P006327,원영,문인,한국
P006328,원영섭,문인,한국
P006329,원옥순,,한국
P006330,원옹,문인,한국
P006331,원용석,정치인,한국
P006332,원용진,문인,한국
P006333,원우,문인,한국
P006334,원우관,,한국
P006335,원유,문인,한국
P006336,원유각,문인,한국
P006337,원응,,한국
P006338,원익,문인,한국
P006339,원인,문인,한국
P006340,원일,문인,한국
P006341,원일호,,한국
P006342,원정,,한국
P006343,원조,문인,한국
P006344,원조면,문인,한국
P006345,원조문,문인,한국
P006346,원조역,문인,한국
P006347,원종,문인,한국
P006348,원종현,,한국
P006349,원주삼,,한국
P006350,원쥬,,한국
P006351,원천석,문인,한국
P006352,원태운,,한국
P006353,원택연,,한국
P006354,원파생,,한국
P006355,원파인,문인,한국
P006356,원학성,문인,한국
P006357,원학인,,한국
P006358,원해생,,한국
P006359,원해성,문인,한국
P006360,원행,,한국
P006361,원향묵,,한국
P006362,원현,문인,한국
P006363,원형,문인,한국
P006364,원호,문인,한국
P006365,원호당,문인,한국
P006366,원회선,문인,한국
P006367,원희,문인,한국
P006368,월,문인,한국
P006369,월견초,문인,한국
P006370,월계,문인,한국
P006371,월곡동인,,한국
P006372,월궁,문인,한국
P006373,월단인,,한국
P006374,월당,,한국
P006375,월당생,,한국
P006376,월림산,문인,한국
P006377,월만천,문인,한국
P006378,월명산인,문인,한국
P006379,월범,문인,한국
P006380,월산대군,문인,한국
P006381,월생,,한국
P006382,월서,문인,한국
P006383,월선,문인,한국
P006384,월성,문인,한국
P006385,월암,문인,한국
P006386,월암동인,,한국
P006387,월야,문인,한국
P006388,월야강안,문인,한국
P006389,월영파,,한국
P006390,월요담총자,,한국
P006391,월원,문인,한국
P006392,월정,문인,한국
P006393,월제,문인,한국
P006394,월창,문인,한국
P006395,월천생,,한국
P006396,월촌,문인,한국
P006397,월탄박종화,,한국
P006398,월탄생,문인,한국
P006399,월터램벗,,한국
P006400,월터양,,한국
P006401,월파생,문인,한국
P006402,월파은인,,한국
P006403,월하빙인,,한국
P006404,월하어인,문인,한국
P006405,월해,문인,한국
P006406,월허생,문인,한국
P006407,월호,,한국
P006408,월호생,,한국
P006409,월화,,한국
P006410,웻딍테불,문인,한국
P006411,위공,문인,한국
P006412,위대모,,한국
P006413,위상학,음악가,한국
P006414,위칙사,문인,한국
P006415,유,연극인,한국
P006416,유각경,문인,한국
P006417,유강,문인,한국
P006418,유경,,한국
P006419,유계부,문인,한국
P006420,유곡,,한국
P006421,유광렬,문인,한국
P006422,유광열,문인,한국
P006423,유광조,문인,한국
P006424,유근,문인,한국
P006425,유근역,문인,한국
P006426,유근철,문인,한국
P006427,유길준,문인,한국
P006428,유달산인,,한국
P006429,유달학인,,한국
P006430,유도순,문인,한국
P006431,유동,,한국
P006432,유동준,문인,한국
P006433,유라,,한국
P006434,유리아,문인,한국
P006435,유림,문인,한국
P006436,유립,문인,한국
P006437,유마뢰,,한국
P006438,유명,문인,한국
P006439,유모아,문인,한국
P006440,유문,문인,한국
P006441,유민성,문인,한국
P006442,유봉기,문인,한국
P006443,유성,문인,한국
P006444,유성준,,한국
P006445,유세근,문인,한국
P006446,유수제,음악가,한국
P006447,유숙,문인,한국
P006448,유실,,한국
P006449,유씨,,한국
P006450,유아자,,한국
P006451,유억겸,운동가,한국
P006452,유연옥,문인,한국
P006453,유열,문인,한국
P006454,유엽,문인,한국
P006455,유영,문인,한국
P006456,유영국,미술가,한국
P006457,유영준,문인,한국
P006458,유완희,문인,한국
P006459,유운,문인,한국
P006460,유운향,문인,한국
P006461,유육거사,문인,한국
P006462,유음,문인,한국
P006463,유인생,,한국
P006464,유자후,학자,한국
P006465,유재철,문인,한국
P006466,유정임,,한국
P006467,유지영,음악가,한국
P006468,유진산,정치인,한국
P006469,유진오,문인,한국
P006470,유진우,문인,한국
P006471,유진태,문인,한국
P006472,유진훈,문인,한국
P006473,유진희,문인,한국
P006474,유창선,학자,한국
P006475,유천,문인,한국
P006476,유추강,문인,한국
P006477,유치백,문인,한국
P006478,유치상,,한국
P006479,유치진,문인,한국
P006480,유치환,문인,한국
P006481,유항림,문인,한국
P006482,유해준,미술가,한국
P006483,유희준,,한국
P006484,육일신,문인,한국
P006485,윤,문인,한국
P006486,윤갑병,,한국
P006487,윤갑용,,한국
P006488,윤건희,,한국
P006489,윤계,,한국
P006490,윤고,문인,한국
P006491,윤고종,문인,한국
P006492,윤곤강,문인,한국
P006493,윤광호,,한국
P006494,윤교중,문인,한국
P006495,윤군선,문인,한국
P006496,윤권형,문인,한국
P006497,윤귀영,문인,한국
P006498,윤규섭,문인,한국
P006499,윤극영,음악가,한국
P006500,윤근,,한국
P006501,윤금랑,,한국
P006502,윤긔오,문인,한국
P006503,윤기,,한국
P006504,윤기선,음악가,한국
P006505,윤기오,문인,한국
P006506,윤기용,문인,한국
P006507,윤기원,문인,한국
P006508,윤기정,문인,한국
P006509,윤기항,,한국
P006510,윤기호,문인,한국
P006511,윤기홍,문인,한국
P006512,윤길락,문인,한국
P006513,윤나시오,문인,한국
P006514,윤남철,문인,한국
P006515,윤달해,,한국
P006516,윤대섭,문인,한국
P006517,윤도월,문인,한국
P006518,윤동수,,한국
P006519,윤동식,문인,한국
P006520,윤동주,문인,한국
P006521,윤동향,문인,한국
P006522,윤동허,문인,한국
P006523,윤두수,문인,한국
P006524,윤락산,문인,한국
P006525,윤량모,문인,한국
P006526,윤명,,한국
P006527,윤명숙,,한국
P006528,윤명원,문인,한국
P006529,윤명의,문인,한국
P006530,윤명희,문인,한국
P006531,윤백남,연극인,한국
P006532,윤벽송,문인,한국
P006533,윤병,문인,한국
P006534,윤병구,문인,한국
P006535,윤병규,문인,한국
P006536,윤병옥,문인,한국
P006537,윤병인,문인,한국
P006538,윤보선,,한국
P006539,윤복,문인,한국
P006540,윤복선,문인,한국
P006541,윤복신,문인,한국
P006542,윤복실,문인,한국
P006543,윤복진,문인,한국
P006544,윤봉주,문인,한국
P006545,윤봉춘,영화인,한국
P006546,윤봉태,문인,한국
P006547,윤산,문인,한국
P006548,윤산온,연극인,한국
P006549,윤살온,문인,한국
P006550,윤삼봉,문인,한국
P006551,윤상국,문인,한국
P006552,윤상운,문인,한국
P006553,윤상인,,한국
P006554,윤상현,문인,한국
P006555,윤생,문인,한국
P006556,윤서야,문인,한국
P006557,윤석우,,한국
P006558,윤석정,,한국
P006559,윤석중,문인,한국
P006560,윤석초,문인,한국
P006561,윤석화,문인,한국
P006562,윤선,문인,한국
P006563,윤선도,문인,한국
P006564,윤선용,문인,한국
P006565,윤선희,문인,한국
P006566,윤섭,문인,한국
P006567,윤성,문인,한국
P006568,윤성덕,음악가,한국
P006569,윤성삼,,한국
P006570,윤성상,,한국
P006571,윤성순,문인,한국
P006572,윤성용,문인,한국
P006573,윤성종,문인,한국
P006574,윤성학,문인,한국
P006575,윤세중,문인,한국
P006576,윤소,문인,한국
P006577,윤소월,문인,한국
P006578,윤소저,문인,한국
P006579,윤소천,문인,한국
P006580,윤수봉,연극인,한국
P006581,윤순,,한국
P006582,윤순복,,한국
P006583,윤승한,문인,한국
P006584,윤시선,음악가,한국
P006585,윤식,,한국
P006586,윤신효,문인,한국
P006587,윤심덕,음악가,한국
P006588,윤아,문인,한국
P006589,윤영,문인,한국
P006590,윤영구,,한국
P006591,윤영식,문인,한국
P006592,윤영실,,한국
P006593,윤영옥,,한국
P006594,윤영자,문인,한국
P006595,윤영춘,문인,한국
P006596,윤영현,문인,한국
P006597,윤영희,문인,한국
P006598,윤예경,음악가,한국
P006599,윤오월,,한국
P006600,윤옥경,문인,한국
P006601,윤옥선,문인,한국
P006602,윤옥향,,한국
P006603,윤옥희,,한국
P006604,윤용수,미술가,한국
P006605,윤용순,문인,한국
P006606,윤용태,,한국
P006607,윤원,문인,한국
P006608,윤원선,문인,한국
P006609,윤원태,문인,한국
P006610,윤을수,,한국
P006611,윤응규,,한국
P006612,윤익선,문인,한국
P006613,윤인권,,한국
P006614,윤인근,문인,한국
P006615,윤인애,,한국
P006616,윤인용,문인,한국
P006617,윤일,문인,한국
P006618,윤일민,문인,한국
P006619,윤일선,의사,한국
P006620,윤일심,,한국
P006621,윤자선,미술가,한국
P006622,윤자영,,한국
P006623,윤재,문인,한국
P006624,윤재도,문인,한국
P006625,윤재민,문인,한국
P006626,윤재순,문인,한국
P006627,윤재순윤재필,문인,한국
P006628,윤재창,문인,한국
P006629,윤재초역,,한국
P006630,윤적도,문인,한국
P006631,윤적원,문인,한국
P006632,윤점순,,한국
P006633,윤정순,,한국
P006634,윤정식,문인,한국
P006635,윤정원,,한국
P006636,윤정하,,한국
P006637,윤제술,문인,한국
P006638,윤종,문인,한국
P006639,윤종식,문인,한국
P006640,윤종후,문인,한국
P006641,윤주,,한국
P006642,윤주복,,한국
P006643,윤준희,문인,한국
P006644,윤중식,미술가,한국
P006645,윤증남,문인,한국
P006646,윤지병,,한국
P006647,윤지월,문인,한국
P006648,윤차룡,,한국
P006649,윤창,,한국
P006650,윤창파,문인,한국
P006651,윤창학,문인,한국
P006652,윤천일,,한국
P006653,윤춘식,,한국
P006654,윤춘포,문인,한국
P006655,윤치병,,한국
P006656,윤치호,문인,한국
P006657,윤탁,문인,한국
P006658,윤태권,,한국
P006659,윤태산,문인,한국
P006660,윤태영,문인,한국
P006661,윤태웅,문인,한국
P006662,윤파운,문인,한국
P006663,윤필균,,한국
P006664,윤학,,한국
P006665,윤한성,문인,한국
P006666,윤해영,문인,한국
P006667,윤행중,학자,한국
P006668,윤현,연극인,한국
P006669,윤현경,문인,한국
P006670,윤형련,,한국
P006671,윤형삼,,한국
P006672,윤형식,,한국
P006673,윤형옥,,한국
P006674,윤호경,음악가,한국
P006675,윤호빈,문인,한국
P006676,윤호엽,문인,한국
P006677,윤호희,문인,한국
P006678,윤홍,,한국
P006679,윤홍철,문인,한국
P006680,윤화수,문인,한국
P006681,윤활빈,문인,한국
P006682,윤활엽,문인,한국
P006683,윤효봉,문인,한국
P006684,윤효정,문인,한국
P006685,윤흥섭,미술가,한국
P006686,윤희순,운동가,한국
P006687,율곡,문인,한국
P006688,은,문인,한국
P006689,은계,,한국
P006690,은광,문인,한국
P006691,은균,문인,한국
P006692,은룡,문인,한국
P006693,은룡거사,문인,한국
P006694,은룡생,문인,한국
P006695,은명생,,한국
P006696,은방울,문인,한국
P006697,은봉,문인,한국
P006698,은산,문인,한국
P006699,은상생,,한국
P006700,은생,문인,한국
P006701,은송,문인,한국
P006702,은수,연극인,한국
P006703,은숙,,한국
P006704,은야,문인,한국
P006705,은야생,,한국
P006706,은옥,문인,한국
P006707,은월,문인,한국
P006708,은월생,,한국
P006709,은일인,,한국
P006710,은장생,,한국
P006711,은주,문인,한국
P006712,은중기,,한국
P006713,은진동,문인,한국
P006714,은철,,한국
P006715,은철필,문인,한국
P006716,은침,,한국
P006717,은팔,문인,한국
P006718,은하수,문인,한국
P006719,은행전무,,한국
P006720,은휘,문인,한국
P006721,을,,한국
P006722,을문,문인,한국
P006723,을성,문인,한국
P006724,을소부,,한국
P006725,음고생,문인,한국
P006726,음월생,,한국
P006727,음전,문인,한국
P006728,음청,,한국
P006729,읍청생,문인,한국
P006730,읍화맹,문인,한국
P006731,응,,한국
P006732,응곤,,한국
P006733,응룡,문인,한국
P006734,응수,문인,한국
P006735,응숙,문인,한국
P006736,응순,문인,한국
P006737,응종,문인,한국
P006738,응창,문인,한국
P006739,의당,,한국
P006740,의동자,문인,한국
P006741,의면,,한국
P006742,의명,문인,한국
P006743,의배,문인,한국
P006744,의석,,한국
P006745,의선,문인,한국
P006746,의섭,문인,한국
P006747,의순,문인,한국
P006748,의식,,한국
P006749,의암성사,문인,한국
P006750,의영,,한국
P006751,의정,문인,한국
P006752,의종,,한국
P006753,의춘,,한국
P006754,의탁,,한국
P006755,의택,문인,한국
P006756,이,,한국
P006757,이갑기,문인,한국
P006758,이갑섭,언론인,한국
P006759,이갑수,의사,한국
P006760,이강,문인,한국
P006761,이강국,문인,한국
P006762,이경진,미술가,한국
P006763,이경훈,미술가,한국
P006764,이관구,,한국
P006765,이관용,문인,한국
P006766,이관욱,,한국
P006767,이광렬,문인,한국
P006768,이광수,문인,한국
P006769,이광황,학자,한국
P006770,이구,,한국
P006771,이구조,연극인,한국
P006772,이규원,문인,한국
P006773,이규환,영화인,한국
P006774,이규희,문인,한국
P006775,이극로,문인,한국
P006776,이근영,문인,한국
P006777,이근정,,한국
P006778,이근창,,한국
P006779,이근형,음악가,한국
P006780,이근화,문인,한국
P006781,이기영,문인,한국
P006782,이기웅,미술가,한국
P006783,이나영,문인,한국
P006784,이냐시오,문인,한국
P006785,이노우데 초자부로,미술가,일본
P006786,이노우에 긴지,학자,일본
P006787,이노우에 히데오,미술가,일본
P006788,이능화,학자,한국
P006789,이단동,음악가,한국
P006790,이달주,미술가,한국
P006791,이대림,미술가,한국
P006792,이대위,,한국
P006793,이덕진,문인,한국
P006794,이뎡호,,한국
P006795,이돈화,문인,한국
P006796,이동구,문인,한국
P006797,이동석,문인,한국
P006798,이동휘,문인,한국
P006799,이두성,문인,한국
P006800,이두셩,,한국
P006801,이또이타,,한국
P006802,이란화,문인,한국
P006803,이마동,미술가,한국
P006804,이마이 켄지,미술가,일본
P006805,이만재,문인,한국
P006806,이명선,음악가,한국
P006807,이명션,문인,한국
P006808,이명숙,문인,한국
P006809,이명우,문인,한국
P006810,이명준,문인,한국
P006811,이무영,문인,한국
P006812,이문홍,문인,한국
P006813,이민제,문인,한국
P006814,이범승,미술가,한국
P006815,이병각,문인,한국
P006816,이병관,문인,한국
P006817,이병규,미술가,한국
P006818,이병기,문인,한국
P006819,이병도,문인,한국
P006820,이병록,문인,한국
P006821,이병직,미술가,한국
P006822,이병현,문인,한국
P006823,이병호,문인,한국
P006824,이보식,문인,한국
P006825,이복,미술가,한국
P006826,이봉강,문인,한국
P006827,이봉상,음악가,한국
P006828,이봉수,문인,한국
P006829,이봉영,미술가,한국
P006830,이봉주,,한국
P006831,이봉호,문인,한국
P006832,이북명,문인,한국
P006833,이사우,음악가,한국
P006834,이상,문인,한국
P006835,이상구,문인,한국
P006836,이상국,문인,한국
P006837,이상기,미술가,한국
P006838,이상돈,미술가,한국
P006839,이상로,문인,한국
P006840,이상백,문인,한국
P006841,이상범,미술가,한국
P006842,이상은,문인,한국
P006843,이상쥰,문인,한국
P006844,이상춘,연극인,한국
P006845,이상현,문인,한국
P006846,이상협,언론인,한국
P006847,이상화,문인,한국
P006848,이서구,문인,한국
P006849,이서향,연극인,한국
P006850,이석,문인,한국
P006851,이석만,문인,한국
P006852,이석중,문인,한국
P006853,이석훈,문인,한국
P006854,이선근,문인,한국
P006855,이선희,문인,한국
P006856,이성락,문인,한국
P006857,이성묵,문인,한국
P006858,이성주,문인,한국
P006859,이세득,미술가,한국
P006860,이션애,문인,한국
P006861,이셩묵,문인,한국
P006862,이수억,미술가,한국
P006863,이숙종,문인,한국
P006864,이순동,미술가,한국
P006865,이순영,문인,한국
P006866,이순종,미술가,한국
P006867,이숭녕,문인,한국
P006868,이슌,문인,한국
P006869,이슌긔,문인,한국
P006870,이승근,문인,한국
P006871,이승만,문인,한국
P006872,이승원,문인,한국
P006873,이시가와 키요시,미술가,일본
P006874,이시우,문인,한국
P006875,이시이 바쿠,무용가,일본
P006876,이실녀,,한국
P006877,이애내,음악가,한국
P006878,이야기꾼,문인,한국
P006879,이양,문인,한국
P006880,이양하,문인,한국
P006881,이여성,문인,한국
P006882,이열모,문인,한국
P006883,이영근,,한국
P006884,이영세,음악가,한국
P006885,이영숙,,한국
P006886,이영식,운동가,한국
P006887,이옥섬,문인,한국
P006888,이옥섭,,한국
P006889,이와이 조자부로,건축가,일본
P006890,이완조,문인,한국
P006891,이요섭,문인,한국
P006892,이용악,문인,한국
P006893,이용우,문인,한국
P006894,이용철,음악가,한국
P006895,이운곡,문인,한국
P006896,이원경,연극인,한국
P006897,이원규,문인,한국
P006898,이원수,문인,한국
P006899,이원일,문인,한국
P006900,이원조,문인,한국
P006901,이원학,문인,한국
P006902,이원행,,한국
P006903,이월희,,한국
P006904,이유태,미술가,한국
P006905,이유헌,음악가,한국
P006906,이육사,문인,한국
P006907,이윤재,문인,한국
P006908,이윤종,언론인,한국
P006909,이윤희,운동가,한국
P006910,이은상,문인,한국
P006911,이응호,문인,한국
P006912,이이지마 타다시,영화인,일본
P006913,이익상,문인,한국
P006914,이익환,음악가,한국
P006915,이인근,,한국
P006916,이인성,미술가,한국
P006917,이인영,학자,한국
P006918,이인직,문인,한국
P006919,이일,학자,한국
P006920,이일신,,한국
P006921,이자부 요시히데,미술가,일본
P006922,이자순,문인,한국
P006923,이장희,문인,한국
P006924,이재수,문인,한국
P006925,이재순,미술가,한국
P006926,이재영,문인,한국
P006927,이재옥,음악가,한국
P006928,이재욱,학자,한국
P006929,이적효,문인,한국
P006930,이점희,음악가,한국
P006931,이정규,미술가,한국
P006932,이정덕,,한국
P006933,이정순,,한국
P006934,이정신,,한국
P006935,이정호,문인,한국
P006936,이제창,미술가,한국
P006937,이종린,문인,한국
P006938,이종명,문인,한국
P006939,이종섭,문인,한국
P006940,이종수,문인,한국
P006941,이종순,문인,한국
P006942,이종우,미술가,한국
P006943,이종일,,한국
P006944,이종일번역,,한국
P006945,이종직,,한국
P006946,이종태,음악가,한국
P006947,이종화,문인,한국
P006948,이죵린,,한국
P006949,이죵수,,한국
P006950,이죵일,,한국
P006951,이주로,,한국
P006952,이주행,미술가,한국
P006953,이주홍,문인,한국
P006954,이주훈,문인,한국
P006955,이준구,,한국
P006956,이준섭,미술가,한국
P006957,이준열,운동가,한국
P006958,이중섭,미술가,한국
P006959,이진순,연극인,한국
P006960,이진종,,한국
P006961,이찬,문인,한국
P006962,이찬갑,,한국
P006963,이찬영,미술가,한국
P006964,이창룡,문인,한국
P006965,이철주,문인,한국
P006966,이청송,,한국
P006967,이청천,문인,한국
P006968,이추백,,한국
P006969,이춘근,,한국
P006970,이충근,미술가,한국
P006971,이치무라 치카라,미술가,일본
P006972,이치우지 요시나가,미술가,일본
P006973,이커,,한국
P006974,이쾌대,미술가,한국
P006975,이쾌태,미술가,한국
P006976,이타가키 다카오,미술가,일본
P006977,이타쿠라 산지,미술가,일본
P006978,이태준,문인,한국
P006979,이토 세이,문인,일본
P006980,이판화부,,한국
P006981,이팔찬,미술가,한국
P006982,이하라 우사부로,미술가,일본
P006983,이하윤,문인,한국
P006984,이하윤역,문인,한국
P006985,이학근,,한국
P006986,이학인,문인,한국
P006987,이한응,미술가,한국
P006988,이한직,문인,한국
P006989,이해공,,한국
P006990,이해랑,배우,한국
P006991,이해선,미술가,한국
P006992,이해성,미술가,한국
P006993,이해윤,문인,한국
P006994,이해인,문인,한국
P006995,이헌구,문인,한국
P006996,이현규,문인,한국
P006997,이호,,한국
P006998,이호근,문인,한국
P006999,이호련,미술가,한국
P007000,이호우,문인,한국
P007001,이호진,문인,한국
P007002,이홍종,문인,한국
P007003,이활,정치인,한국
P007004,이효덕,,한국
P007005,이효석,문인,한국
P007006,이효슌,,한국
P007007,이희석,,한국
P007008,이희승,문인,한국
P007009,이희철,문인,한국
P007010,익,문인,한국
P007011,익금혁,문인,한국
P007012,익상,문인,한국
P007013,익영,,한국
P007014,익환,,한국
P007015,인,문인,한국
P007016,인규,,한국
P007017,인근,문인,한국
P007018,인도미,문인,한국
P007019,인보,문인,한국
P007020,인산,,한국
P007021,인선,,한국
P007022,인섭,문인,한국
P007023,인섭구,문인,한국
P007024,인섭정,,한국
P007025,인성,문인,한국
P007026,인수,문인,한국
P007027,인수천,문인,한국
P007028,인숙,,한국
P007029,인순,문인,한국
P007030,인식,,한국
P007031,인영,문인,한국
P007032,인영필로,,한국
P007033,인오,,한국
P007034,인왕거사,문인,한국
P007035,인왕거사찬,문인,한국
P007036,인왕산거사,문인,한국
P007037,인왕산거사찬,문인,한국
P007038,인왕산인,문인,한국
P007039,인왕생,,한국
P007040,인왕학인,,한국
P007041,인정식,문인,한국
P007042,인직,문인,한국
P007043,인집생,,한국
P007044,인초,문인,한국
P007045,인풍,,한국
P007046,인하,문인,한국
P007047,인학,문인,한국
P007048,인혁,문인,한국
P007049,인협,,한국
P007050,인호,문인,한국
P007051,인화,문인,한국
P007052,인효식,문인,한국
P007053,일,문인,한국
P007054,일각,문인,한국
P007055,일갈생,,한국
P007056,일강생,,한국
P007057,일계,문인,한국
P007058,일공,문인,한국
P007059,일광,문인,한국
P007060,일광생,,한국
P007061,일광자,문인,한국
P007062,일궁녀,문인,한국
P007063,일긔자,,한국
P007064,일기생,,한국
P007065,일기자,문인,한국
P007066,일녀교원,문인,한국
P007067,일농부,문인,한국
P007068,일다방곡,문인,한국
P007069,일독자,문인,한국
P007070,일등주계병,,한국
P007071,일랑민,문인,한국
P007072,일령,문인,한국
P007073,일로,,한국
P007074,일로생,연극인,한국
P007075,일로학인,,한국
P007076,일마작광,,한국
P007077,일명삼엽송,문인,한국
P007078,일몽,문인,한국
P007079,일문청,,한국
P007080,일문학청년,,한국
P007081,일민생,문인,한국
P007082,일방문부,,한국
P007083,일보생,문인,한국
P007084,일봉,,한국
P007085,일산,,한국
P007086,일생,문인,한국
P007087,일생금,문인,한국
P007088,일서,문인,한국
P007089,일서생,,한국
P007090,일선,,한국
P007091,일성생,문인,한국
P007092,일성자,,한국
P007093,일소,문인,한국
P007094,일소거사,,한국
P007095,일소부,문인,한국
P007096,일소생,문인,한국
P007097,일송생,,한국
P007098,일수,문인,한국
P007099,일수생,문인,한국
P007100,일수양생,문인,한국
P007101,일수연인,문인,한국
P007102,일순,,한국
P007103,일숭배자,,한국
P007104,일신,문인,한국
P007105,일심생,문인,한국
P007106,일아부한이사탄인,,한국
P007107,일애가자,문인,한국
P007108,일애국생,,한국
P007109,일연,문인,한국
P007110,일엽사,,한국
P007111,일영,문인,한국
P007112,일영자,문인,한국
P007113,일영화인,,한국
P007114,일우로정일,,한국
P007115,일원생,,한국
P007116,일주,문인,한국
P007117,일주대,,한국
P007118,일준,,한국
P007119,일집생,,한국
P007120,일청,문인,한국
P007121,일촌,,한국
P007122,일출정일기,문인,한국
P007123,일타생,,한국
P007124,일타홍,문인,한국
P007125,일파생,문인,한국
P007126,일풍류객,,한국
P007127,일필생,,한국
P007128,일학구,,한국
P007129,일한인,문인,한국
P007130,일해생,,한국
P007131,일현,,한국
P007132,일혜생,문인,한국
P007133,일호,문인,한국
P007134,일화,문인,한국
P007135,일화부,문인,한국
P007136,일화일화,문인,한국
P007137,일환,문인,한국
P007138,일회의,문인,한국
P007139,임,문인,한국
P007140,임객,문인,한국
P007141,임경일,문인,한국
P007142,임경재,,한국
P007143,임계순,문인,한국
P007144,임규,문인,한국
P007145,임규빈,문인,한국
P007146,임기형,문인,한국
P007147,임노월,문인,한국
P007148,임달삼,미술가,한국
P007149,임돌내,,한국
P007150,임동혁,음악가,한국
P007151,임렬,미술가,한국
P007152,임명재,,한국
P007153,임문빈,문인,한국
P007154,임병일,미술가,한국
P007155,임병휘,미술가,한국
P007156,임봉순,,한국
P007157,임봉주,,한국
P007158,임부흥,미술가,한국
P007159,임사명,문인,한국
P007160,임산인,문인,한국
P007161,임서방,연극인,한국
P007162,임서하,문인,한국
P007163,임석재,,한국
P007164,임성은,미술가,한국
P007165,임순득,문인,한국
P007166,임순혁,,한국
P007167,임어당,문인,중국
P007168,임영빈,문인,한국
P007169,임영신,,한국
P007170,임영창,문인,한국
P007171,임옥인,문인,한국
P007172,임온,연극인,한국
P007173,임완규,미술가,한국
P007174,임요섭,,한국
P007175,임용길,문인,한국
P007176,임원재,,한국
P007177,임원호,문인,한국
P007178,임의직,문인,한국
P007179,임인생,,한국
P007180,임정재,문인,한국
P007181,임정혁,문인,한국
P007182,임창순,문인,한국
P007183,임창호,,한국
P007184,임태승,,한국
P007185,임택호,문인,한국
P007186,임학선,미술가,한국
P007187,임학수,문인,한국
P007188,임호권,문인,한국
P007189,임화,문인,한국
P007190,입봉,문인,한국
P007191,자,,한국
P007192,자근네,,한국
P007193,자남산인,,한국
P007194,자녀손,문인,한국
P007195,자문,,한국
P007196,자백산인,,한국
P007197,자산방주인,,한국
P007198,자산생,,한국
P007199,자순,문인,한국
P007200,자신,문인,한국
P007201,자연아,문인,한국
P007202,자영,문인,한국
P007203,자운영,문인,한국
P007204,자유촌인,문인,한국
P007205,자정향화,문인,한국
P007206,자제씨,,한국
P007207,자춘,연극인,한국
P007208,자하산인,문인,한국
P007209,자하산인천강,,한국
P007210,자하생,,한국
P007211,자헤,,한국
P007212,자혜,,한국
P007213,자후,문인,한국
P007214,작,문인,한국
P007215,작난꾼,문인,한국
P007216,작은이,,한국
P007217,작자미상,문인,한국
P007218,잠수부,,한국
P007219,장,문인,한국
P007220,장 뤼르사,미술가,프랑스
P007221,장 아르프,미술가,기타
P007222,장각도,문인,한국
P007223,장갑수,문인,한국
P007224,장강,,한국
P007225,장강재,,한국
P007226,장건식,,한국
P007227,장경,,한국
P007228,장경순,,한국
P007229,장곡,,한국
P007230,장공,문인,한국
P007231,장관주,,한국
P007232,장권,,한국
P007233,장근직,문인,한국
P007234,장금녀,문인,한국
P007235,장금호,문인,한국
P007236,장기만,,한국
P007237,장기방,문인,한국
P007238,장기제,연극인,한국
P007239,장길,문인,한국
P007240,장남극,문인,한국
P007241,장대,문인,한국
P007242,장대승,문인,한국
P007243,장대현인,,한국
P007244,장덕삼,문인,한국
P007245,장덕수,언론인,한국
P007246,장덕작,,한국
P007247,장덕조,문인,한국
P007248,장덕행,,한국
P007249,장덕환,문인,한국
P007250,장덕흡,,한국
P007251,장도,,한국
P007252,장도빈,문인,한국
P007253,장도환,문인,한국
P007254,장돌,,한국
P007255,장돌뱅이,,한국
P007256,장동근,문인,한국
P007257,장동식,문인,한국
P007258,장동진,문인,한국
P007259,장두,문인,한국
P007260,장두경,,한국
P007261,장두순,문인,한국
P007262,장두제,문인,한국
P007263,장두철,문인,한국
P007264,장로생,문인,한국
P007265,장마서,미술가,한국
P007266,장만,문인,한국
P007267,장만영,문인,한국
P007268,장명각,문인,한국
P007269,장명한,문인,한국
P007270,장몽생,,한국
P007271,장문,,한국
P007272,장문경,,한국
P007273,장문원,문인,한국
P007274,장문직,문인,한국
P007275,장문진,문인,한국
P007276,장발,미술가,한국
P007277,장발한,문인,한국
P007278,장병,,한국
P007279,장병린,미술가,한국
P007280,장병엽,문인,한국
P007281,장병창,,한국
P007282,장봉래,문인,한국
P007283,장봉섬,문인,한국
P007284,장봉안,문인,한국
P007285,장봉진,문인,한국
P007286,장봉한,문인,한국
P007287,장부,,한국
P007288,장비,,한국
P007289,장산유후,,한국
P007290,장산익두,문인,한국
P007291,장상림,,한국
P007292,장상봉,,한국
P007293,장상홍,,한국
P007294,장서,문인,한국
P007295,장서봉,,한국
P007296,장서언,문인,한국
P007297,장석,문인,한국
P007298,장석당,,한국
P007299,장석서,,한국
P007300,장석영,,한국
P007301,장석일,문인,한국
P007302,장석중,문인,한국
P007303,장선,,한국
P007304,장선희,,한국
P007305,장성근,문인,한국
P007306,장성욱,,한국
P007307,장성인,문인,한국
P007308,장성일,,한국
P007309,장세걸,,한국
P007310,장세무,문인,한국
P007311,장세영,문인,한국
P007312,장세정,,한국
P007313,장소류,문인,한국
P007314,장수산인,문인,한국
P007315,장수철,문인,한국
P007316,장승관,,한국
P007317,장승두,문인,한국
P007318,장승섭,,한국
P007319,장승한,문인,한국
P007320,장시,문인,한국
P007321,장시욱,문인,한국
P007322,장시은,문인,한국
P007323,장신성,문인,한국
P007324,장안과객,,한국
P007325,장애경,,한국
P007326,장엽주,문인,한국
P007327,장영숙,문인,한국
P007328,장영실,문인,한국
P007329,장옥순,,한국
P007330,장욱,,한국
P007331,장욱진,미술가,한국
P007332,장원,문인,한국
P007333,장원규,문인,한국
P007334,장원하,,한국
P007335,장월례,문인,한국
P007336,장윤룡,,한국
P007337,장윤하,,한국
P007338,장응두,문인,한국
P007339,장응진,문인,한국
P007340,장의숙,,한국
P007341,장이,문인,한국
P007342,장익,미술가,한국
P007343,장익선,,한국
P007344,장인갑,,한국
P007345,장인균,문인,한국
P007346,장인식,음악가,한국
P007347,장일성,,한국
P007348,장일우,문인,한국
P007349,장일익,문인,한국
P007350,장자일,,한국
P007351,장재문,문인,한국
P007352,장적동,문인,한국
P007353,장전신,,한국
P007354,장정남,문인,한국
P007355,장정녀,,한국
P007356,장정순,,한국
P007357,장정심,문인,한국
P007358,장정의,문인,한국
P007359,장제,문인,한국
P007360,장제록,문인,한국
P007361,장제민,문인,한국
P007362,장제인,문인,한국
P007363,장종규,문인,한국
P007364,장종선,미술가,한국
P007365,장종성,문인,한국
P007366,장종식,문인,한국
P007367,장준석,문인,한국
P007368,장중강,문인,한국
P007369,장중환,문인,한국
P007370,장지영,문인,한국
P007371,장지용,,한국
P007372,장지호,문인,한국
P007373,장진,,한국
P007374,장찬봉,,한국
P007375,장창진,미술가,한국
P007376,장창화,,한국
P007377,장천,문인,한국
P007378,장철,문인,한국
P007379,장철선,문인,한국
P007380,장초향,문인,한국
P007381,장추정,문인,한국
P007382,장춘풍,문인,한국
P007383,장춘효,문인,한국
P007384,장타령,문인,한국
P007385,장태경,문인,한국
P007386,장태성인,문인,한국
P007387,장풍생,문인,한국
P007388,장하,문인,한국
P007389,장한섭,문인,한국
P007390,장한진,문인,한국
P007391,장혁부,,한국
P007392,장혁주,문인,한국
P007393,장혁주외,,한국
P007394,장현직,문인,한국
P007395,장현칠,,한국
P007396,장형,,한국
P007397,장혹근,문인,한국
P007398,장화,,한국
P007399,장화시,,한국
P007400,장효근,,한국
P007401,장효섭,문인,한국
P007402,장효식,문인,한국
P007403,장효준,문인,한국
P007404,장훈,문인,한국
P007405,장희,문인,한국
P007406,장희문,,한국
P007407,장희옥,미술가,한국
P007408,재,문인,한국
P007409,재갑,문인,한국
P007410,재구,문인,한국
P007411,재근,문인,한국
P007412,재기,문인,한국
P007413,재기자,문인,한국
P007414,재남,문인,한국
P007415,재덕,문인,한국
P007416,재만,문인,한국
P007417,재명,문인,한국
P007418,재문,문인,한국
P007419,재복,문인,한국
P007420,재봉,문인,한국
P007421,재생,문인,한국
P007422,재선,문인,한국
P007423,재섭,문인,한국
P007424,재성,문인,한국
P007425,재숙,문인,한국
P007426,재순,문인,한국
P007427,재영,문인,한국
P007428,재욱,문인,한국
P007429,재원,,한국
P007430,재응,문인,한국
P007431,재철,,한국
P007432,재춘,문인,한국
P007433,재표,문인,한국
P007434,재풍,문인,한국
P007435,재하,,한국
P007436,재향,문인,한국
P007437,재헌,문인,한국
P007438,재현,문인,한국
P007439,재형,문인,한국
P007440,재호반인,,한국
P007441,재환,문인,한국
P007442,재훈,문인,한국
P007443,저산후학,문인,한국
P007444,저암,문인,한국
P007445,저우산인,문인,한국
P007446,저자미상,문인,한국
P007447,적,문인,한국
P007448,적광장학인,문인,한국
P007449,적단향,문인,한국
P007450,적도,문인,한국
P007451,적도생,문인,한국
P007452,적두건,문인,한국
P007453,적라산인역,문인,한국
P007454,적산인,문인,한국
P007455,적생,문인,한국
P007456,적선인,문인,한국
P007457,적성,문인,한국
P007458,적송,문인,한국
P007459,적순,문인,한국
P007460,적아,문인,한국
P007461,적악,문인,한국
P007462,적애,문인,한국
P007463,적연필,문인,한국
P007464,적주거사,,한국
P007465,적천,,한국
P007466,적천생,문인,한국
P007467,적토마,,한국
P007468,적파,문인,한국
P007469,적포탄,문인,한국
P007470,적필,,한국
P007471,적학인,문인,한국
P007472,적화,문인,한국
P007473,전,문인,한국
P007474,전계숙,문인,한국
P007475,전광인,문인,한국
P007476,전기찬,문인,한국
P007477,전길성,문인,한국
P007478,전눌재,문인,한국
P007479,전당,,한국
P007480,전덕규,문인,한국
P007481,전덕인,문인,한국
P007482,전덕칠,문인,한국
P007483,전동민,,한국
P007484,전령,,한국
P007485,전만조,문인,한국
P007486,전목번,문인,한국
P007487,전무길,문인,한국
P007488,전묵암,문인,한국
P007489,전미,,한국
P007490,전병덕,문인,한국
P007491,전병장,,한국
P007492,전병철,,한국
P007493,전보희,문인,한국
P007494,전봉,문인,한국
P007495,전봉장,음악가,한국
P007496,전봉제,문인,한국
P007497,전봉종,문인,한국
P007498,전산옥,,한국
P007499,전상옥,문인,한국
P007500,전생,,한국
P007501,전석,,한국
P007502,전석인,문인,한국
P007503,전석희,,한국
P007504,전성,문인,한국
P007505,전성천,,한국
P007506,전세원,문인,한국
P007507,전소석,문인,한국
P007508,전수연,,한국
P007509,전숙희,문인,한국
P007510,전승범,,한국
P007511,전시홍,,한국
P007512,전식,문인,한국
P007513,전영덕,,한국
P007514,전영철,,한국
P007515,전영택,문인,한국
P007516,전영파,문인,한국
P007517,전영훈,문인,한국
P007518,전완해,,한국
P007519,전용길,,한국
P007520,전우한,문인,한국
P007521,전우환,문인,한국
P007522,전운,문인,한국
P007523,전운향,,한국
P007524,전원,학자,중국
P007525,전원배,,한국
P007526,전원서,문인,한국
P007527,전월봉,,한국
P007528,전유덕,문인,한국
P007529,전윤직,,한국
P007530,전의균,문인,한국
P007531,전의식,문인,한국
P007532,전인철,문인,한국
P007533,전일검,연극인,한국
P007534,전일순,문인,한국
P007535,전재봉,문인,한국
P007536,전정신,문인,한국
P007537,전조선투사,,한국
P007538,전종주,음악가,한국
P007539,전종환,문인,한국
P007540,전주,,한국
P007541,전준,문인,한국
P007542,전준영,문인,한국
P007543,전준팔,문인,한국
P007544,전중정무총감,,한국
P007545,전창근,,한국
P007546,전창기,,한국
P007547,전창식,문인,한국
P007548,전창영,음악가,한국
P007549,전창은,문인,한국
P007550,전창환,문인,한국
P007551,전철성,,한국
P007552,전촌계,,한국
P007553,전촌조,,한국
P007554,전추호,문인,한국
P007555,전춘파,문인,한국
P007556,전춘호,문인,한국
P007557,전치준,문인,한국
P007558,전치화,문인,한국
P007559,전탁,문인,한국
P007560,전태경,,한국
P007561,전태진,문인,한국
P007562,전택이,,한국
P007563,전토덕,문인,한국
P007564,전평,,한국
P007565,전필순,문인,한국
P007566,전학배,문인,한국
P007567,전해산,,한국
P007568,전향원,문인,한국
P007569,전형,문인,한국
P007570,전호준,,한국
P007571,전홍,문인,한국
P007572,전홍림,문인,한국
P007573,전홍진,,한국
P007574,전회남,,한국
P007575,전훤식,문인,한국
P007576,전흥순,,한국
P007577,전희복,,한국
P007578,절락,,한국
P007579,절영도인,,한국
P007580,접몽,문인,한국
P007581,정,문인,한국
P007582,정갑,,한국
P007583,정갑수,문인,한국
P007584,정강,문인,한국
P007585,정강서,문인,한국
P007586,정건,,한국
P007587,정건유,,한국
P007588,정경옥,문인,한국
P007589,정계근,,한국
P007590,정계완,,한국
P007591,정고읍,문인,한국
P007592,정관각,,한국
P007593,정관각주인,,한국
P007594,정관각주인윤천일,,한국
P007595,정관생,,한국
P007596,정관수,문인,한국
P007597,정관철,미술가,한국
P007598,정관하,문인,한국
P007599,정광조,,한국
P007600,정광현,,한국
P007601,정광호,문인,한국
P007602,정교,,한국
P007603,정구,문인,한국
P007604,정국자,,한국
P007605,정군신,문인,한국
P007606,정규,,한국
P007607,정규삼,문인,한국
P007608,정규순,,한국
P007609,정규원,,한국
P007610,정규익,미술가,한국
P007611,정규진,문인,한국
P007612,정규창,문인,한국
P007613,정규철,문인,한국
P007614,정극명,문인,한국
P007615,정근,문인,한국
P007616,정근양,의사,한국
P007617,정근호,,한국
P007618,정금,문인,한국
P007619,정금홍,문인,한국
P007620,정기,,한국
P007621,정기서,문인,한국
P007622,정기섭,,한국
P007623,정기연,문인,한국
P007624,정기자,문인,한국
P007625,정기현,,한국
P007626,정기환,문인,한국
P007627,정남수,,한국
P007628,정남연,연극인,한국
P007629,정념파,문인,한국
P007630,정달빈,,한국
P007631,정대우,,한국
P007632,정대위,문인,한국
P007633,정대현,,한국
P007634,정덕,,한국
P007635,정덕수,미술가,한국
P007636,정덕흥,문인,한국
P007637,정도암,문인,한국
P007638,정도원,문인,한국
P007639,정도현,,한국
P007640,정동덕,,한국
P007641,정동석,,한국
P007642,정동수,,한국
P007643,정동식,문인,한국
P007644,정동유,문인,한국
P007645,정동희,문인,한국
P007646,정두현,,한국
P007647,정랑파,문인,한국
P007648,정래동,문인,한국
P007649,정래호,문인,한국
P007650,정록,,한국
P007651,정류록,,한국
P007652,정린환,문인,한국
P007653,정만석,문인,한국
P007654,정만임,,한국
P007655,정명걸,문인,한국
P007656,정명윤,,한국
P007657,정명환,문인,한국
P007658,정모,문인,한국
P007659,정목역,,한국
P007660,정몽석,문인,한국
P007661,정몽외,문인,한국
P007662,정몽희,문인,한국
P007663,정묵,문인,한국
P007664,정문교,,한국
P007665,정문택,문인,한국
P007666,정백돈,문인,한국
P007667,정백운,문인,한국
P007668,정병기,문인,한국
P007669,정병순,문인,한국
P007670,정병조,,한국
P007671,정병태,문인,한국
P007672,정병호,문인,한국
P007673,정보,문인,한국
P007674,정보라,,한국
P007675,정보영,미술가,한국
P007676,정복,,한국
P007677,정복규,문인,한국
P007678,정봉,문인,한국
P007679,정봉래,,한국
P007680,정봉석,,한국
P007681,정비석,문인,한국
P007682,정사영,,한국
P007683,정사천,문인,한국
P007684,정사해,문인,한국
P007685,정산,문인,한국
P007686,정산동,,한국
P007687,정산목,,한국
P007688,정산초인,문인,한국
P007689,정삼봉,,한국
P007690,정삼영,,한국
P007691,정상규,문인,한국
P007692,정상인,,한국
P007693,정상일,,한국
P007694,정상전,문인,한국
P007695,정상현,문인,한국
P007696,정생,문인,한국
P007697,정서,,한국
P007698,정서죽,문인,한국
P007699,정서호,문인,한국
P007700,정석,,한국
P007701,정석용,문인,한국
P007702,정석응,문인,한국
P007703,정석인,문인,한국
P007704,정석태,문인,한국
P007705,정섭,문인,한국
P007706,정성덕,문인,한국
P007707,정성변,문인,한국
P007708,정성수,문인,한국
P007709,정성현,문인,한국
P007710,정성협,문인,한국
P007711,정성호,문인,한국
P007712,정성흠,문인,한국
P007713,정세권,문인,한국
P007714,정소아,,한국
P007715,정소암,문인,한국
P007716,정소파,문인,한국
P007717,정송,,한국
P007718,정송사,,한국
P007719,정쇠철,문인,한국
P007720,정수,문인,한국
P007721,정수업,문인,한국
P007722,정수용,,한국
P007723,정수일,,한국
P007724,정숙,문인,한국
P007725,정순,문인,한국
P007726,정순국,,한국
P007727,정순길,문인,한국
P007728,정순모,미술가,한국
P007729,정순애,,한국
P007730,정순용,미술가,한국
P007731,정순원,문인,한국
P007732,정순응,문인,한국
P007733,정순이,문인,한국
P007734,정순정,문인,한국
P007735,정순철,문인,한국
P007736,정순택,문인,한국
P007737,정순희,,한국
P007738,정승덕,,한국
P007739,정식,문인,한국
P007740,정신,문인,한국
P007741,정애,,한국
P007742,정야,문인,한국
P007743,정열모,문인,한국
P007744,정엽,,한국
P007745,정엽파,문인,한국
P007746,정영수,문인,한국
P007747,정영순,,한국
P007748,정영조,문인,한국
P007749,정영창,문인,한국
P007750,정영철,,한국
P007751,정영태,문인,한국
P007752,정영호,문인,한국
P007753,정영환,문인,한국
P007754,정오성,,한국
P007755,정옥영,미술가,한국
P007756,정용,문인,한국
P007757,정용근,,한국
P007758,정용복,문인,한국
P007759,정용선,,한국
P007760,정용식,미술가,한국
P007761,정용증,,한국
P007762,정용희,문인,한국
P007763,정우,문인,한국
P007764,정우광,,한국
P007765,정우상,문인,한국
P007766,정우야,문인,한국
P007767,정우일,문인,한국
P007768,정우철,,한국
P007769,정우해,문인,한국
P007770,정우향,,한국
P007771,정우홍,문인,한국
P007772,정욱,문인,한국
P007773,정운소,,한국
P007774,정운승,,한국
P007775,정운영,,한국
P007776,정운조,문인,한국
P007777,정운채,,한국
P007778,정운파,문인,한국
P007779,정원,문인,한국
P007780,정원생,,한국
P007781,정원석,,한국
P007782,정원섭,문인,한국
P007783,정원암,문인,한국
P007784,정원앵,문인,한국
P007785,정윤,문인,한국
P007786,정윤석,,한국
P007787,정윤용,문인,한국
P007788,정윤해,문인,한국
P007789,정윤희,문인,한국
P007790,정은덕,문인,한국
P007791,정은성,문인,한국
P007792,정을병,문인,한국
P007793,정응봉,문인,한국
P007794,정응직,문인,한국
P007795,정의상,문인,한국
P007796,정의호,문인,한국
P007797,정이경,문인,한국
P007798,정익,문인,한국
P007799,정익룡,문인,한국
P007800,정익영,문인,한국
P007801,정인,문인,한국
P007802,정인과,문인,한국
P007803,정인국,문인,한국
P007804,정인균,문인,한국
P007805,정인덕,문인,한국
P007806,정인보,학자,한국
P007807,정인선,문인,한국
P007808,정인섭,문인,한국
P007809,정인섭외,,한국
P007810,정인성,,한국
P007811,정인승,문인,한국
P007812,정인식,문인,한국
P007813,정인익,언론인,한국
P007814,정인익역초,문인,한국
P007815,정인철,문인,한국
P007816,정인탁,,한국
P007817,정인택,문인,한국
P007818,정인표,문인,한국
P007819,정인하,문인,한국
P007820,정인혁,문인,한국
P007821,정인호,문인,한국
P007822,정일,문인,한국
P007823,정일묵,,한국
P007824,정일수,문인,한국
P007825,정일형,문인,한국
P007826,정자,,한국
P007827,정재,문인,한국
P007828,정재복,문인,한국
P007829,정재선,문인,한국
P007830,정재운,문인,한국
P007831,정재혁,문인,한국
P007832,정재흡,문인,한국
P007833,정적아,문인,한국
P007834,정절성,,한국
P007835,정정숙,,한국
P007836,정종,,한국
P007837,정종명,운동가,한국
P007838,정종여,문인,한국
P007839,정주영,,한국
P007840,정주파,문인,한국
P007841,정중환,문인,한국
P007842,정지용,문인,한국
P007843,정지용문,,한국
P007844,정진석,문인,한국
P007845,정진섭,,한국
P007846,정진업,문인,한국
P007847,정진한,문인,한국
P007848,정진호,문인,한국
P007849,정진희,문인,한국
P007850,정차운조,문인,한국
P007851,정찬영,,한국
P007852,정창선,문인,한국
P007853,정창순,문인,한국
P007854,정창원,문인,한국
P007855,정창파,문인,한국
P007856,정창현,,한국
P007857,정창환,,한국
P007858,정채산,문인,한국
P007859,정철,문인,한국
P007860,정청경,문인,한국
P007861,정청계,,한국
P007862,정청산,문인,한국
P007863,정춘당,,한국
P007864,정춘택,문인,한국
P007865,정출,문인,한국
P007866,정충,,한국
P007867,정충량,문인,한국
P007868,정충신,문인,한국
P007869,정치언,문인,한국
P007870,정칠성,언론인,한국
P007871,정태,문인,한국
P007872,정태묵,문인,한국
P007873,정태병,,한국
P007874,정태선,문인,한국
P007875,정태시,문인,한국
P007876,정태신,문인,한국
P007877,정태양,문인,한국
P007878,정태연,문인,한국
P007879,정태용,문인,한국
P007880,정태원,문인,한국
P007881,정태진,문인,한국
P007882,정태현,,한국
P007883,정태희,,한국
P007884,정택,,한국
P007885,정파,문인,한국
P007886,정팔,문인,한국
P007887,정포운,문인,한국
P007888,정풍,문인,한국
P007889,정필선,문인,한국
P007890,정하,문인,한국
P007891,정하보,미술가,한국
P007892,정학,,한국
P007893,정학보,,한국
P007894,정학수,,한국
P007895,정학용,문인,한국
P007896,정학진,,한국
P007897,정해준,문인,한국
P007898,정향,,한국
P007899,정혁생,문인,한국
P007900,정혁아,,한국
P007901,정현,문인,한국
P007902,정현모,,한국
P007903,정현웅,미술가,한국
P007904,정현진,문인,한국
P007905,정형기,문인,한국
P007906,정형원,문인,한국
P007907,정호,문인,한국
P007908,정호생,문인,한국
P007909,정호승,문인,한국
P007910,정호일,,한국
P007911,정홍,문인,한국
P007912,정홍교,문인,한국
P007913,정화,,한국
P007914,정화영,문인,한국
P007915,정화용,,한국
P007916,정환,,한국
P007917,정효탑역,문인,한국
P007918,정훈,문인,한국
P007919,정훈모,,한국
P007920,정흥필,문인,한국
P007921,정희,문인,한국
P007922,정희산,문인,한국
P007923,정희석,,한국
P007924,정희준,미술가,한국
P007925,제,문인,한국
P007926,제갈량,문인,한국
P007927,제갈범,,한국
P007928,제관,,한국
P007929,제기자,,한국
P007930,제등실,,한국
P007931,제명사,,한국
P007932,제물포인,문인,한국
P007933,제민,문인,한국
P007934,제봉,,한국
P007935,제생,,한국
P007936,제생월,문인,한국
P007937,제순,문인,한국
P007938,제씨,,한국
P007939,제씨담,,한국
P007940,제억,,한국
P007941,제원,,한국
P007942,제원생,,한국
P007943,제정,문인,한국
P007944,제홍,문인,한국
P007945,젼봉졔,문인,한국
P007946,졍병순,문인,한국
P007947,졍신,문인,한국
P007948,졍인호,문인,한국
P007949,조,문인,한국
P007950,조강희,,한국
P007951,조경승,,한국
P007952,조경애,문인,한국
P007953,조경연,문인,한국
P007954,조경항,,한국
P007955,조경환,문인,한국
P007956,조경희,문인,한국
P007957,조계산인,문인,한국
P007958,조계영,,한국
P007959,조계은,,한국
P007960,조고파,문인,한국
P007961,조공자,문인,한국
P007962,조관호,문인,한국
P007963,조광걸,문인,한국
P007964,조광호,문인,한국
P007965,조구,,한국
P007966,조규문,,한국
P007967,조규선,문인,한국
P007968,조규수,문인,한국
P007969,조규진,문인,한국
P007970,조규창,문인,한국
P007971,조규현,문인,한국
P007972,조금용,문인,한국
P007973,조금자,,한국
P007974,조금파,문인,한국
P007975,조긔간,,한국
P007976,조기간,,한국
P007977,조기금,,한국
P007978,조기석,,한국
P007979,조기정,,한국
P007980,조길영,,한국
P007981,조남,문인,한국
P007982,조남령,문인,한국
P007983,조남영,문인,한국
P007984,조달,문인,한국
P007985,조대호,연극인,한국
P007986,조덕현,문인,한국
P007987,조돈규,문인,한국
P007988,조돈상,,한국
P007989,조동문,문인,한국
P007990,조동수,의사,한국
P007991,조동식,문인,한국
P007992,조동원,문인,한국
P007993,조동진,문인,한국
P007994,조동찬,,한국
P007995,조동탁,문인,한국
P007996,조두성,,한국
P007997,조두원,문인,한국
P007998,조려하,문인,한국
P007999,조마사,문인,한국
P008000,조만식,,한국
P008001,조명,문인,한국
P008002,조명식,미술가,한국
P008003,조명암,문인,한국
P008004,조명환,,한국
P008005,조명희,미술가,한국
P008006,조무용,,한국
P008007,조묵,문인,한국
P008008,조문덕,문인,한국
P008009,조문사,문인,한국
P008010,조문상,,한국
P008011,조문태,,한국
P008012,조민,문인,한국
P008013,조민형,,한국
P008014,조백추,문인,한국
P008015,조백파,문인,한국
P008016,조벽암,문인,한국
P008017,조병갑,,한국
P008018,조병덕,,한국
P008019,조병상,문인,한국
P008020,조병석,문인,한국
P008021,조병수,,한국
P008022,조병옥,,한국
P008023,조병의,,한국
P008024,조병현,문인,한국
P008025,조복,,한국
P008026,조복성,,한국
P008027,조봉진,,한국
P008028,조봉호,문인,한국
P008029,조분려,,한국
P008030,조사,문인,한국
P008031,조산강,문인,한국
P008032,조상연,,한국
P008033,조생,문인,한국
P008034,조생도시춘,,한국
P008035,조서자,문인,한국
P008036,조석기,,한국
P008037,조선행,문인,한국
P008038,조섭제,문인,한국
P008039,조성기,문인,한국
P008040,조성민,문인,한국
P008041,조성신,,한국
P008042,조성운,문인,한국
P008043,조성지역,,한국
P008044,조성천,문인,한국
P008045,조성철,문인,한국
P008046,조성호,문인,한국
P008047,조성환,문인,한국
P008048,조세림,문인,한국
P008049,조세용,,한국
P008050,조소환,문인,한국
P008051,조수성,,한국
P008052,조수완,문인,한국
P008053,조숙,문인,한국
P008054,조숙경,문인,한국
P008055,조순남,,한국
P008056,조순장,문인,한국
P008057,조승학,,한국
P008058,조식,문인,한국
P008059,조아아,문인,한국
P008060,조암,문인,한국
P008061,조야성,,한국
P008062,조연,문인,한국
P008063,조연현,문인,한국
P008064,조영,문인,한국
P008065,조영근,,한국
P008066,조영석,,한국
P008067,조영선,문인,한국
P008068,조영출,문인,한국
P008069,조영하,문인,한국
P008070,조영환,,한국
P008071,조오장,,한국
P008072,조오학인,,한국
P008073,조옥윤,문인,한국
P008074,조옥현,문인,한국
P008075,조용만,미술가,한국
P008076,조용주,,한국
P008077,조용진,문인,한국
P008078,조용훈,,한국
P008079,조우봉,,한국
P008080,조우식,미술가,한국
P008081,조운,문인,한국
P008082,조운봉,문인,한국
P008083,조원경,,한국
P008084,조원묵,문인,한국
P008085,조원숙,,한국
P008086,조원환,문인,한국
P008087,조월광,문인,한국
P008088,조윤암,,한국
P008089,조윤제,문인,한국
P008090,조율사,,한국
P008091,조은경,,한국
P008092,조은영,문인,한국
P008093,조응천,,한국
P008094,조응텬,,한국
P008095,조의,,한국
P008096,조의현,문인,한국
P008097,조인,문인,한국
P008098,조인규,문인,한국
P008099,조인수,,한국
P008100,조인숙,,한국
P008101,조인행,문인,한국
P008102,조일선,,한국
P008103,조일재,문인,한국
P008104,조일제,,한국
P008105,조일제편,문인,한국
P008106,조임세,,한국
P008107,조장현,문인,한국
P008108,조재걸,문인,한국
P008109,조재호,문인,한국
P008110,조정각,,한국
P008111,조정기,,한국
P008112,조정순,문인,한국
P008113,조정원,문인,한국
P008114,조정창,문인,한국
P008115,조정호,문인,한국
P008116,조종길,문인,한국
P008117,조종오,문인,한국
P008118,조종찬,문인,한국
P008119,조종현,문인,한국
P008120,조준기,,한국
P008121,조준철,문인,한국
P008122,조중,문인,한국
P008123,조중곤,문인,한국
P008124,조중서,,한국
P008125,조중억,연극인,한국
P008126,조중흡,문인,한국
P008127,조지훈,문인,한국
P008128,조창덕,,한국
P008129,조창선,문인,한국
P008130,조창원,문인,한국
P008131,조창호,,한국
P008132,조창화,,한국
P008133,조창환,미술가,한국
P008134,조천봉,문인,한국
P008135,조천수,,한국
P008136,조철호,,한국
P008137,조초산방주인,연극인,한국
P008138,조춘고,문인,한국
P008139,조춘광,연극인,한국
P008140,조출,문인,한국
P008141,조탄향,문인,한국
P008142,조태설,,한국
P008143,조택원,무용가,한국
P008144,조풍연,문인,한국
P008145,조학규,연극인,한국
P008146,조학인,문인,한국
P008147,조한응,문인,한국
P008148,조허림,문인,한국
P008149,조헌영,,한국
P008150,조현,문인,한국
P008151,조현경,,한국
P008152,조현긔,문인,한국
P008153,조현숙,문인,한국
P008154,조형길,,한국
P008155,조형식,,한국
P008156,조형직,문인,한국
P008157,조혜련,,한국
P008158,조혜백,,한국
P008159,조활용,문인,한국
P008160,조후인,문인,한국
P008161,조훈구,문인,한국
P008162,조흥식,문인,한국
P008163,조희순,문인,한국
P008164,조희취,문인,한국
P008165,종,문인,한국
P008166,종각인,,한국
P008167,종갑,,한국
P008168,종국,문인,한국
P008169,종군기자,,한국
P008170,종극,,한국
P008171,종근,,한국
P008172,종기,문인,한국
P008173,종길,문인,한국
P008174,종덕,문인,한국
P008175,종루인,,한국
P008176,종린,,한국
P008177,종만,,한국
P008178,종명,문인,한국
P008179,종모,문인,한국
P008180,종민,,한국
P008181,종범,,한국
P008182,종산,문인,한국
P008183,종서,문인,한국
P008184,종세,,한국
P008185,종수,문인,한국
P008186,종순,문인,한국
P008187,종순한백곤,문인,한국
P008188,종식,,한국
P008189,종열,,한국
P008190,종엽,,한국
P008191,종오,,한국
P008192,종완,,한국
P008193,종우,,한국
P008194,종운,문인,한국
P008195,종원,문인,한국
P008196,종일,,한국
P008197,종정,문인,한국
P008198,종준,,한국
P008199,종진,,한국
P008200,종천,,한국
P008201,종태,문인,한국
P008202,종한,문인,한국
P008203,종해,,한국
P008204,종호,문인,한국
P008205,종화,,한국
P008206,종환,문인,한국
P008207,종훈,,한국
P008208,종희,문인,한국
P008209,좌근,,한국
P008210,좌야정인,,한국
P008211,죠락연,문인,한국
P008212,죠매리,문인,한국
P008213,주,문인,한국
P008214,주간,,한국
P008215,주경,미술가,한국
P008216,주기,,한국
P008217,주기윤,,한국
P008218,주기철,,한국
P008219,주덕종,문인,한국
P008220,주동,문인,한국
P008221,주동역,문인,한국
P008222,주동원,문인,한국
P008223,주동훈,,한국
P008224,주렴산인,문인,한국
P008225,주리아,,한국
P008226,주먹,,한국
P008227,주명순,문인,한국
P008228,주병건,,한국
P008229,주병남,,한국
P008230,주병찬,문인,한국
P008231,주북산인,,한국
P008232,주산,,한국
P008233,주삼,문인,한국
P008234,주삼외,,한국
P008235,주석인,문인,한국
P008236,주선흠,문인,한국
P008237,주섭,문인,한국
P008238,주성,문인,한국
P008239,주성균,문인,한국
P008240,주성은,,한국
P008241,주세정,문인,한국
P008242,주세죽,,한국
P008243,주송은,문인,한국
P008244,주수원,문인,한국
P008245,주순성,문인,한국
P008246,주시경,,한국
P008247,주양,문인,한국
P008248,주영,문인,한국
P008249,주영근,문인,한국
P008250,주영방,문인,한국
P008251,주영섭,연극인,한국
P008252,주옥,문인,한국
P008253,주왕산,,한국
P008254,주왕산고적보존회기,,한국
P008255,주요섭,문인,한국
P008256,주요한,문인,한국
P008257,주용,문인,한국
P008258,주운성,,한국
P008259,주운촌,문인,한국
P008260,주원,문인,한국
P008261,주원경,,한국
P008262,주원해,문인,한국
P008263,주월,,한국
P008264,주을혁,문인,한국
P008265,주인,문인,한국
P008266,주인선,문인,한국
P008267,주인숙,,한국
P008268,주일수,문인,한국
P008269,주일영,,한국
P008270,주재경,미술가,한국
P008271,주재순,문인,한국
P008272,주정방이,,한국
P008273,주정자,문인,한국
P008274,주정환,문인,한국
P008275,주종훈,,한국
P008276,주진,문인,한국
P008277,주찬,,한국
P008278,주창섭,문인,한국
P008279,주창신,문인,한국
P008280,주춘성,문인,한국
P008281,주태도,문인,한국
P008282,주택,,한국
P008283,주토생,문인,한국
P008284,주파파,문인,한국
P008285,주필,,한국
P008286,주향두,문인,한국
P008287,주홍,문인,한국
P008288,주홍생,,한국
P008289,주홍외,,한국
P008290,죽교리일우생,,한국
P008291,죽당생,,한국
P008292,죽동생,,한국
P008293,죽동인,,한국
P008294,죽동학인,문인,한국
P008295,죽등생,,한국
P008296,죽림생,,한국
P008297,죽사,,한국
P008298,죽서루인,문인,한국
P008299,죽장신사,,한국
P008300,죽재,,한국
P008301,죽전학인,,한국
P008302,죽파생,문인,한국
P008303,준,문인,한국
P008304,준상,문인,한국
P008305,준석,,한국
P008306,준수,문인,한국
P008307,준숙,,한국
P008308,준식,문인,한국
P008309,준영,문인,한국
P008310,준흥,문인,한국
P008311,준희,,한국
P008312,줄리아,문인,한국
P008313,중,문인,한국
P008314,중건,,한국
P008315,중고,,한국
P008316,중고산인,,한국
P008317,중공,,한국
P008318,중국왕청예,문인,한국
P008319,중도보도반원,문인,한국
P008320,중동확태랑,,한국
P008321,중매쟁이,,한국
P008322,중선,,한국
P008323,중섭,문인,한국
P008324,중수,문인,한국
P008325,중야중치,문인,한국
P008326,중우,,한국
P008327,중정,문인,한국
P008328,중천광,,한국
P008329,중천오십차,,한국
P008330,중철,,한국
P008331,중혁,,한국
P008332,중호,문인,한국
P008333,중화,문인,한국
P008334,증남,문인,한국
P008335,증복생,,한국
P008336,증석,,한국
P008337,지,문인,한국
P008338,지강로초,,한국
P008339,지강우부,,한국
P008340,지경순,,한국
P008341,지관,,한국
P008342,지광,,한국
P008343,지광옥,,한국
P008344,지단,,한국
P008345,지두견,문인,한국
P008346,지련하,,한국
P008347,지민문고주인,문인,한국
P008348,지방제인,,한국
P008349,지복문,,한국
P008350,지봉,문인,한국
P008351,지봉문,문인,한국
P008352,지산초,문인,한국
P008353,지상,문인,한국
P008354,지상렬,문인,한국
P008355,지생,문인,한국
P008356,지수,문인,한국
P008357,지수룡,문인,한국
P008358,지어생,,한국
P008359,지엄파,,한국
P008360,지여,미술가,한국
P008361,지영,문인,한국
P008362,지욱,문인,한국
P008363,지원,문인,한국
P008364,지원생,연극인,한국
P008365,지윤슌,문인,한국
P008366,지인,,한국
P008367,지일자,,한국
P008368,지자신,문인,한국
P008369,지재,문인,한국
P008370,지적,문인,한국
P008371,지정하,,한국
P008372,지제,문인,한국
P008373,지제자,,한국
P008374,지주하,문인,한국
P008375,지중,,한국
P008376,지중세,,한국
P008377,지태진,,한국
P008378,지하,,한국
P008379,지하련,문인,한국
P008380,지하운,문인,한국
P008381,지헌영,문인,한국
P008382,지현,문인,한국
P008383,지호,,한국
P008384,지황,,한국
P008385,직언생,,한국
P008386,직이,문인,한국
P008387,진,문인,한국
P008388,진갑,문인,한국
P008389,진경,,한국
P008390,진관,문인,한국
P008391,진구,,한국
P008392,진기,문인,한국
P008393,진남생,,한국
P008394,진도봉인,문인,한국
P008395,진동렬,,한국
P008396,진병형,,한국
P008397,진복자,문인,한국
P008398,진상,문인,한국
P008399,진석,문인,한국
P008400,진성,문인,한국
P008401,진성완,문인,한국
P008402,진성운,문인,한국
P008403,진수방,,한국
P008404,진시황,문인,한국
P008405,진암생,문인,한국
P008406,진야,문인,한국
P008407,진양거사,,한국
P008408,진오,,한국
P008409,진우,문인,한국
P008410,진운,문인,한국
P008411,진은순,문인,한국
P008412,진장섭,문인,한국
P008413,진종혁,문인,한국
P008414,진주흥섭,문인,한국
P008415,진준,문인,한국
P008416,진태,문인,한국
P008417,진태섭,,한국
P008418,진태용,문인,한국
P008419,진하생,,한국
P008420,진학문,문인,한국
P008421,진학문역,문인,한국
P008422,진형,문인,한국
P008423,진호,문인,한국
P008424,진화,문인,한국
P008425,진효,문인,한국
P008426,진흥봉,,한국
P008427,진희복,문인,한국
P008428,집생,,한국
P008429,집역,,한국
P008430,집행이,문인,한국
P008431,쯔치다 바쿠센,미술가,일본
P008432,차경도,문인,한국
P008433,차귀근,음악가,한국
P008434,차균보,문인,한국
P008435,차균원,,한국
P008436,차기옥,문인,한국
P008437,차남성,문인,한국
P008438,차남순,,한국
P008439,차덕순,문인,한국
P008440,차도원,,한국
P008441,차돌이,,한국
P008442,차득록,문인,한국
P008443,차명환,,한국
P008444,차미리사,,한국
P008445,차복실,문인,한국
P008446,차부림,,한국
P008447,차부완,문인,한국
P008448,차빈균,문인,한국
P008449,차사라,,한국
P008450,차사백,,한국
P008451,차상갑,,한국
P008452,차상진,,한국
P008453,차상찬,문인,한국
P008454,차상찬외,,한국
P008455,차석,연극인,한국
P008456,차성오,문인,한국
P008457,차수,문인,한국
P008458,차순,문인,한국
P008459,차순갑,,한국
P008460,차신정,문인,한국
P008461,차애란,,한국
P008462,차영,문인,한국
P008463,차영수,,한국
P008464,차용근,음악가,한국
P008465,차용복,,한국
P008466,차용운,문인,한국
P008467,차우영수,문인,한국
P008468,차운철,,한국
P008469,차원,문인,한국
P008470,차원흥,문인,한국
P008471,차월훈,문인,한국
P008472,차은철,문인,한국
P008473,차인,문인,한국
P008474,차일로,문인,한국
P008475,차자명,,한국
P008476,차재석,문인,한국
P008477,차정녀,,한국
P008478,차진하,문인,한국
P008479,차진환,문인,한국
P008480,차천자,문인,한국
P008481,차청오,문인,한국
P008482,차청우,문인,한국
P008483,차치중,문인,한국
P008484,차칠선,문인,한국
P008485,차홍원,문인,한국
P008486,차홍이,문인,한국
P008487,차훈,문인,한국
P008488,찬,문인,한국
P008489,찬갑,문인,한국
P008490,찬물,,한국
P008491,찬식,,한국
P008492,찬엽,문인,한국
P008493,찬영,문인,한국
P008494,찬옥,문인,한국
P008495,찬일생,문인,한국
P008496,찬주,,한국
P008497,찬희,문인,한국
P008498,참마을,문인,한국
P008499,참배,문인,한국
P008500,창,문인,한국
P008501,창강아인,문인,한국
P008502,창객,,한국
P008503,창교,,한국
P008504,창균,문인,한국
P008505,창근,,한국
P008506,창남,문인,한국
P008507,창돈,문인,한국
P008508,창랑객,문인,한국
P008509,창무주장,,한국
P008510,창석,문인,한국
P008511,창석생,문인,한국
P008512,창선,문인,한국
P008513,창섭,,한국
P008514,창송,문인,한국
P008515,창수,,한국
P008516,창순,문인,한국
P008517,창신,문인,한국
P008518,창애생,,한국
P008519,창은,문인,한국
P008520,창익,,한국
P008521,창인,문인,한국
P008522,창인역,문인,한국
P008523,창자,,한국
P008524,창주,문인,한국
P008525,창준,문인,한국
P008526,창천,문인,한국
P008527,창천인,문인,한국
P008528,창해거사,,한국
P008529,창해학인,,한국
P008530,창현,문인,한국
P008531,창훈,,한국
P008532,채고영,문인,한국
P008533,채구철,문인,한국
P008534,채규경,문인,한국
P008535,채규삼,문인,한국
P008536,채규엽,,한국
P008537,채규원,문인,한국
P008538,채규철,문인,한국
P008539,채규호,문인,한국
P008540,채근,문인,한국
P008541,채기애,,한국
P008542,채남인,문인,한국
P008543,채대식,,한국
P008544,채동선,음악가,한국
P008545,채득희,문인,한국
P008546,채린,문인,한국
P008547,채만식,문인,한국
P008548,채만식작,문인,한국
P008549,채명수,문인,한국
P008550,채몽소,문인,한국
P008551,채미다,,한국
P008552,채부인,,한국
P008553,채산,문인,한국
P008554,채생금,문인,한국
P008555,채석,문인,한국
P008556,채선엽,음악가,한국
P008557,채성석,연극인,한국
P008558,채송,문인,한국
P008559,채순,문인,한국
P008560,채순전후암,문인,한국
P008561,채심금,문인,한국
P008562,채연근,,한국
P008563,채영수,,한국
P008564,채우병,문인,한국
P008565,채운경,문인,한국
P008566,채운석,,한국
P008567,채월성,문인,한국
P008568,채은동,,한국
P008569,채을손,문인,한국
P008570,채자운,문인,한국
P008571,채정근,문인,한국
P008572,채충식,,한국
P008573,채택,문인,한국
P008574,채택룡,문인,한국
P008575,채필근,,한국
P008576,채호,,한국
P008577,채희목,문인,한국
P008578,챵규,문인,한국
P008579,천,문인,한국
P008580,천강,,한국
P008581,천거사,,한국
P008582,천건,문인,한국
P008583,천광,,한국
P008584,천광인,,한국
P008585,천규,문인,한국
P008586,천남선,문인,한국
P008587,천단강성,,한국
P008588,천대일,문인,한국
P008589,천덕,,한국
P008590,천독근,,한국
P008591,천동호,문인,한국
P008592,천리석,문인,한국
P008593,천리석역,문인,한국
P008594,천마산인,문인,한국
P008595,천망,,한국
P008596,천명,문인,한국
P008597,천명문,문인,한국
P008598,천명작,문인,한국
P008599,천민,문인,한국
P008600,천백,문인,한국
P008601,천생,문인,한국
P008602,천석,문인,한국
P008603,천세봉,문인,한국
P008604,천세욱,문인,한국
P008605,천소자,문인,한국
P008606,천수,문인,한국
P008607,천식,문인,한국
P008608,천신갈산구성서,문인,한국
P008609,천실라,문인,한국
P008610,천아토,문인,한국
P008611,천안거사,문인,한국
P008612,천애,문인,한국
P008613,천연인,문인,한국
P008614,천연학인,문인,한국
P008615,천영,문인,한국
P008616,천외,문인,한국
P008617,천외생,문인,한국
P008618,천외천,문인,한국
P008619,천외한,문인,한국
P008620,천우,문인,한국
P008621,천우생,문인,한국
P008622,천원장,,한국
P008623,천을동인,문인,한국
P008624,천응규,,한국
P008625,천일,,한국
P008626,천일각주인,,한국
P008627,천자,문인,한국
P008628,천재형,미술가,한국
P008629,천정철,문인,한국
P008630,천종,문인,한국
P008631,천종호,문인,한국
P008632,천주,문인,한국
P008633,천진,,한국
P008634,천천생,,한국
P008635,천청송,문인,한국
P008636,천택,,한국
P008637,천파,,한국
P008638,천합정일,,한국
P008639,천효철,문인,한국
P008640,천희,문인,한국
P008641,철,문인,한국
P008642,철고,문인,한국
P008643,철도,문인,한국
P008644,철령,연극인,한국
P008645,철마,,한국
P008646,철민,문인,한국
P008647,철봉,문인,한국
P008648,철부,문인,한국
P008649,철소,문인,한국
P008650,철염,문인,한국
P008651,철우,,한국
P008652,철인,문인,한국
P008653,철자,,한국
P008654,철지,문인,한국
P008655,철진생,,한국
P008656,철호,,한국
P008657,첨구생,문인,한국
P008658,첨두생,,한국
P008659,청,문인,한국
P008660,청거,문인,한국
P008661,청곡,문인,한국
P008662,청구동사,,한국
P008663,청남,문인,한국
P008664,청두건,문인,한국
P008665,청두건찬,문인,한국
P008666,청록암옹,,한국
P008667,청룡,문인,한국
P008668,청룡산인,문인,한국
P008669,청류생,문인,한국
P008670,청림도사,,한국
P008671,청문,문인,한국
P008672,청산,문인,한국
P008673,청산인,,한국
P008674,청생,문인,한국
P008675,청성산방,문인,한국
P008676,청소,문인,한국
P008677,청송,문인,한국
P008678,청심,문인,한국
P008679,청안아성,,한국
P008680,청암금용갑,문인,한국
P008681,청연자,,한국
P008682,청연필,문인,한국
P008683,청엽,,한국
P008684,청엽생,문인,한국
P008685,청엽훈,연극인,한국
P008686,청우생,문인,한국
P008687,청운거사,,한국
P008688,청원,,한국
P008689,청원생,,한국
P008690,청은,문인,한국
P008691,청의처사,문인,한국
P008692,청인,문인,한국
P008693,청조산인,,한국
P008694,청주,문인,한국
P008695,청주석화생,문인,한국
P008696,청천강인,문인,한국
P008697,청철각,,한국
P008698,청춘,문인,한국
P008699,청파,문인,한국
P008700,청파리,문인,한국
P008701,청파생,,한국
P008702,청풍학인,,한국
P008703,청해,,한국
P008704,청화생,연극인,한국
P008705,쳔수,,한국
P008706,쳥,,한국
P008707,쳥암,문인,한국
P008708,쳥암권병덕,문인,한국
P008709,초,문인,한국
P008710,초공,,한국
P008711,초당거사,,한국
P008712,초동아,문인,한국
P008713,초량당주인,,한국
P008714,초력사,,한국
P008715,초명,문인,한국
P008716,초병정,,한국
P008717,초부,,한국
P008718,초사,,한국
P008719,초산방주인,,한국
P008720,초산생,문인,한국
P008721,초산인,문인,한국
P008722,초생,문인,한국
P008723,초선,,한국
P008724,초시,,한국
P008725,초신생,,한국
P008726,초월,문인,한국
P008727,초인,문인,한국
P008728,초적,문인,한국
P008729,초향,문인,한국
P008730,초훈,문인,한국
P008731,촌,문인,한국
P008732,촌북인,문인,한국
P008733,촌제,문인,한국
P008734,촌철생,문인,한국
P008735,촌팔봉,문인,한국
P008736,총각,문인,한국
P008737,총적,문인,한국
P008738,최,문인,한국
P008739,최건,문인,한국
P008740,최경,문인,한국
P008741,최경락,문인,한국
P008742,최경만,,한국
P008743,최경섭,문인,한국
P008744,최경식,문인,한국
P008745,최경재,,한국
P008746,최경주,문인,한국
P008747,최경화,문인,한국
P008748,최경희,문인,한국
P008749,최계선,문인,한국
P008750,최계철,문인,한국
P008751,최고악,문인,한국
P008752,최공원,문인,한국
P008753,최관준,,한국
P008754,최광,문인,한국
P008755,최광범,문인,한국
P008756,최광원,문인,한국
P008757,최광화,문인,한국
P008758,최구원,문인,한국
P008759,최국현,,한국
P008760,최규남,,한국
P008761,최규동,학자,한국
P008762,최규선,,한국
P008763,최규용,,한국
P008764,최규원,문인,한국
P008765,최규홍,,한국
P008766,최근당,문인,한국
P008767,최근배,문인,한국
P008768,최기옹,문인,한국
P008769,최기준,문인,한국
P008770,최기출,,한국
P008771,최기환,,한국
P008772,최길룡,문인,한국
P008773,최남,문인,한국
P008774,최남구,문인,한국
P008775,최남령,문인,한국
P008776,최남선,문인,한국
P008777,최남선번역,문인,한국
P008778,최남수,문인,한국
P008779,최남주,,한국
P008780,최단봉,,한국
P008781,최대원,,한국
P008782,최대유,,한국
P008783,최덕휴,미술가,한국
P008784,최도,문인,한국
P008785,최독견,문인,한국
P008786,최동,,한국
P008787,최동신,미술가,한국
P008788,최동오,문인,한국
P008789,최동주,,한국
P008790,최동파,,한국
P008791,최동화,문인,한국
P008792,최동환,미술가,한국
P008793,최두선,,한국
P008794,최두영,,한국
P008795,최두옥,,한국
P008796,최득선,문인,한국
P008797,최록동,문인,한국
P008798,최류범,문인,한국
P008799,최리득,,한국
P008800,최리매,연극인,한국
P008801,최린,문인,한국
P008802,최린홍,,한국
P008803,최마리아,문인,한국
P008804,최만,문인,한국
P008805,최만호,문인,한국
P008806,최명렬,,한국
P008807,최명익,문인,한국
P008808,최명호,문인,한국
P008809,최명화,,한국
P008810,최명환,문인,한국
P008811,최명희,음악가,한국
P008812,최목랑,문인,한국
P008813,최무현,문인,한국
P008814,최묵동,문인,한국
P008815,최문,문인,한국
P008816,최문식,,한국
P008817,최문옥,,한국
P008818,최문우,,한국
P008819,최문진,문인,한국
P008820,최미정,,한국
P008821,최민순,문인,한국
P008822,최백안,문인,한국
P008823,최백월,,한국
P008824,최범,문인,한국
P008825,최병서,문인,한국
P008826,최병수,,한국
P008827,최병한,문인,한국
P008828,최병헌,,한국
P008829,최병호,,한국
P008830,최병화,문인,한국
P008831,최병훈,,한국
P008832,최복,문인,한국
P008833,최복녀,,한국
P008834,최복이,문인,한국
P008835,최봉록,문인,한국
P008836,최봉식,문인,한국
P008837,최봉측,문인,한국
P008838,최봉칙,문인,한국
P008839,최봉하,문인,한국
P008840,최봉희,,한국
P008841,최분순,문인,한국
P008842,최분옥,문인,한국
P008843,최빈,,한국
P008844,최빙,문인,한국
P008845,최사,,한국
P008846,최사민,,한국
P008847,최산,문인,한국
P008848,최삼쥰,문인,한국
P008849,최상덕,문인,한국
P008850,최상빈,,한국
P008851,최상수,문인,한국
P008852,최상암,,한국
P008853,최상필,,한국
P008854,최상현,문인,한국
P008855,최상희,,한국
P008856,최생,,한국
P008857,최서경,문인,한국
P008858,최서해,문인,한국
P008859,최석,,한국
P008860,최석련,,한국
P008861,최석사,문인,한국
P008862,최석숭,문인,한국
P008863,최석일,,한국
P008864,최석주,문인,한국
P008865,최석찬,,한국
P008866,최선복,,한국
P008867,최선익,문인,한국
P008868,최설경,,한국
P008869,최성,,한국
P008870,최성곤,,한국
P008871,최성두,음악가,한국
P008872,최성소,,한국
P008873,최성수,문인,한국
P008874,최성우,문인,한국
P008875,최성제,문인,한국
P008876,최성파,문인,한국
P008877,최성희,,한국
P008878,최소림,문인,한국
P008879,최송근,,한국
P008880,최송운,문인,한국
P008881,최송파,문인,한국
P008882,최수경,문인,한국
P008883,최수복,문인,한국
P008884,최수환,,한국
P008885,최숙,,한국
P008886,최순,문인,한국
P008887,최순경,문인,한국
P008888,최순애,문인,한국
P008889,최순이,,한국
P008890,최순정,,한국
P008891,최승구,문인,한국
P008892,최승년,문인,한국
P008893,최승만,문인,한국
P008894,최승오,,한국
P008895,최승익,문인,한국
P008896,최승일,문인,한국
P008897,최승택,,한국
P008898,최승학,문인,한국
P008899,최승희,무용가,한국
P008900,최식,문인,한국
P008901,최신구,문인,한국
P008902,최신국,문인,한국
P008903,최신덕,,한국
P008904,최신복,,한국
P008905,최악천,,한국
P008906,최안국,,한국
P008907,최애,,한국
P008908,최애기,,한국
P008909,최여구,,한국
P008910,최여성,문인,한국
P008911,최연분,문인,한국
P008912,최연우,문인,한국
P008913,최연해,문인,한국
P008914,최영,문인,한국
P008915,최영계,문인,한국
P008916,최영국,문인,한국
P008917,최영기,문인,한국
P008918,최영길,문인,한국
P008919,최영보,문인,한국
P008920,최영수,문인,한국
P008921,최영수외,문인,한국
P008922,최영숙,문인,한국
P008923,최영식,문인,한국
P008924,최영실,문인,한국
P008925,최영애,문인,한국
P008926,최영은,문인,한국
P008927,최영일,문인,한국
P008928,최영조,문인,한국
P008929,최영주,문인,한국
P008930,최영택,문인,한국
P008931,최영해,문인,한국
P008932,최영환,문인,한국
P008933,최영희,문인,한국
P008934,최옥경,문인,한국
P008935,최옥례,문인,한국
P008936,최옥순,문인,한국
P008937,최옥희,문인,한국
P008938,최요섭,문인,한국
P008939,최용선,문인,한국
P008940,최용택,,한국
P008941,최용환,문인,한국
P008942,최우,문인,한국
P008943,최운,문인,한국
P008944,최운강,문인,한국
P008945,최운경,문인,한국
P008946,최운상,문인,한국
P008947,최웅남,문인,한국
P008948,최원,문인,한국
P008949,최원국,미술가,한국
P008950,최원규,문인,한국
P008951,최원배,문인,한국
P008952,최원순,언론인,한국
P008953,최월향,문인,한국
P008954,최월화,문인,한국
P008955,최유,문인,한국
P008956,최유산,문인,한국
P008957,최윤모,문인,한국
P008958,최윤섭,문인,한국
P008959,최윤성,문인,한국
P008960,최윤수,문인,한국
P008961,최윤원,문인,한국
P008962,최윤호,,한국
P008963,최은순,문인,한국
P008964,최은한,문인,한국
P008965,최은희,,한국
P008966,최을용,문인,한국
P008967,최응산,문인,한국
P008968,최응선,문인,한국
P008969,최의순,문인,한국
P008970,최이권,,한국
P008971,최익,,한국
P008972,최익수,,한국
P008973,최익한,문인,한국
P008974,최익해,,한국
P008975,최익환,,한국
P008976,최인,문인,한국
P008977,최인규,,한국
P008978,최인수,문인,한국
P008979,최인아,문인,한국
P008980,최인욱,문인,한국
P008981,최인주,,한국
P008982,최인준,문인,한국
P008983,최인화,문인,한국
P008984,최일선,,한국
P008985,최일송,,한국
P008986,최일화,문인,한국
P008987,최장,,한국
P008988,최재덕,미술가,한국
P008989,최재서,문인,한국
P008990,최재석,문인,한국
P008991,최재선,문인,한국
P008992,최재숙,,한국
P008993,최재학,문인,한국
P008994,최재한,문인,한국
P008995,최재혁,문인,한국
P008996,최재형,문인,한국
P008997,최재희,,한국
P008998,최정건,,한국
P008999,최정규,문인,한국
P009000,최정림,문인,한국
P009001,최정석,문인,한국
P009002,최정숙,문인,한국
P009003,최정순,,한국
P009004,최정오,,한국
P009005,최정우,연극인,한국
P009006,최정원,문인,한국
P009007,최정은,문인,한국
P009008,최정익,문인,한국
P009009,최정재,,한국
P009010,최정흠,문인,한국
P009011,최정희,문인,한국
P009012,최제극,문인,한국
P009013,최제오,문인,한국
P009014,최종범,문인,한국
P009015,최종선,,한국
P009016,최종수,문인,한국
P009017,최종식,음악가,한국
P009018,최죽심,문인,한국
P009019,최준,,한국
P009020,최준모,,한국
P009021,최준주,문인,한국
P009022,최중,문인,한국
P009023,최중서,문인,한국
P009024,최진국,,한국
P009025,최진순,문인,한국
P009026,최진우,,한국
P009027,최진원,,한국
P009028,최진협,,한국
P009029,최차권,,한국
P009030,최찬식,문인,한국
P009031,최창규,문인,한국
P009032,최창남,문인,한국
P009033,최창덕,문인,한국
P009034,최창선,,한국
P009035,최창섭,문인,한국
P009036,최창성,문인,한국
P009037,최창수,,한국
P009038,최창식,,한국
P009039,최창현,,한국
P009040,최창화,문인,한국
P009041,최천,문인,한국
P009042,최천대자,,한국
P009043,최천안,문인,한국
P009044,최철,문인,한국
P009045,최첨지,문인,한국
P009046,최청곡,문인,한국
P009047,최청룡,문인,한국
P009048,최춘방,문인,한국
P009049,최춘복,문인,한국
P009050,최춘아,,한국
P009051,최춘혜,,한국
P009052,최춘호,문인,한국
P009053,최충성,,한국
P009054,최취허,문인,한국
P009055,최치,문인,한국
P009056,최치택,,한국
P009057,최태산,문인,한국
P009058,최태영,문인,한국
P009059,최태용,문인,한국
P009060,최태응,문인,한국
P009061,최태호,문인,한국
P009062,최택신,문인,한국
P009063,최판관,,한국
P009064,최팔용,운동가,한국
P009065,최필봉,문인,한국
P009066,최학성,,한국
P009067,최항식,문인,한국
P009068,최해봉,문인,한국
P009069,최해종,문인,한국
P009070,최행촌,,한국
P009071,최혁,문인,한국
P009072,최현경,,한국
P009073,최현배,문인,한국
P009074,최현주,문인,한국
P009075,최형,문인,한국
P009076,최형렬,문인,한국
P009077,최형식,,한국
P009078,최형종,,한국
P009079,최호동,문인,한국
P009080,최호영,,한국
P009081,최홍,,한국
P009082,최홍엽,문인,한국
P009083,최화수,미술가,한국
P009084,최화숙,,한국
P009085,최환,,한국
P009086,최활,문인,한국
P009087,최활란,,한국
P009088,최회석,문인,한국
P009089,최효야,문인,한국
P009090,최흥선,,한국
P009091,최희,,한국
P009092,최희경,문인,한국
P009093,최희영,,한국
P009094,추강초부,,한국
P009095,추계,,한국
P009096,추당국인,,한국
P009097,추람,,한국
P009098,추백파,,한국
P009099,추범,문인,한국
P009100,추산암,,한국
P009101,추상자,,한국
P009102,추생,,한국
P009103,추성,문인,한국
P009104,추암,문인,한국
P009105,추영,문인,한국
P009106,추원,문인,한국
P009107,추인,,한국
P009108,추적양,연극인,한국
P009109,추파,문인,한국
P009110,추파생,문인,한국
P009111,추포,문인,한국
P009112,추풍령,,한국
P009113,추풍연,,한국
P009114,추호전영택,,한국
P009115,추희,문인,한국
P009116,춘,문인,한국
P009117,춘강생,,한국
P009118,춘경,문인,한국
P009119,춘계,문인,한국
P009120,춘공장백,문인,한국
P009121,춘구,문인,한국
P009122,춘국,문인,한국
P009123,춘규,문인,한국
P009124,춘금사,문인,한국
P009125,춘길,문인,한국
P009126,춘당생,,한국
P009127,춘랑생,,한국
P009128,춘방,문인,한국
P009129,춘배,문인,한국
P009130,춘보,문인,한국
P009131,춘봉,문인,한국
P009132,춘산,문인,한국
P009133,춘생,문인,한국
P009134,춘서,문인,한국
P009135,춘석,문인,한국
P009136,춘섭,문인,한국
P009137,춘소몽인,문인,한국
P009138,춘식,문인,한국
P009139,춘실,문인,한국
P009140,춘아,문인,한국
P009141,춘안,문인,한국
P009142,춘암,문인,한국
P009143,춘영,문인,한국
P009144,춘우,문인,한국
P009145,춘원광수,,한국
P009146,춘원생,,한국
P009147,춘월,,한국
P009148,춘인,문인,한국
P009149,춘자,,한국
P009150,춘정춘성,,한국
P009151,춘제,문인,한국
P009152,춘종,문인,한국
P009153,춘추생,문인,한국
P009154,춘추필부,,한국
P009155,춘추학인,,한국
P009156,춘택,문인,한국
P009157,춘파,문인,한국
P009158,춘파박달성,,한국
P009159,춘포윤승한,문인,한국
P009160,춘풍생,문인,한국
P009161,춘풍우,문인,한국
P009162,춘하,문인,한국
P009163,춘향,문인,한국
P009164,춘호,문인,한국
P009165,춘혼,문인,한국
P009166,춘효,문인,한국
P009167,춘희생,문인,한국
P009168,출전중일복,문인,한국
P009169,충묵,문인,한국
P009170,충선,,한국
P009171,충신,,한국
P009172,충원,문인,한국
P009173,충청생,문인,한국
P009174,취공,문인,한국
P009175,취림인,,한국
P009176,취몽,문인,한국
P009177,취몽생,문인,한국
P009178,취미부기자,,한국
P009179,취사문,,한국
P009180,취서산인,,한국
P009181,취성원주인,문인,한국
P009182,취운,문인,한국
P009183,취운생,문인,한국
P009184,취운학인,,한국
P009185,취원,,한국
P009186,취정학인,,한국
P009187,취처산인,문인,한국
P009188,츈선,문인,한국
P009189,츈음생,문인,한국
P009190,치,문인,한국
P009191,치균,문인,한국
P009192,치량,,한국
P009193,치마산인,,한국
P009194,치진,문인,한국
P009195,칠곡어랑,,한국
P009196,칠대만화가,,한국
P009197,칠방인생,,한국
P009198,칠보산인,문인,한국
P009199,칠복생,,한국
P009200,칠석성,문인,한국
P009201,칠성,문인,한국
P009202,칠성복,문인,한국
P009203,칠정생,,한국
P009204,칠정생역,문인,한국
P009205,칠정역,문인,한국
P009206,침묵,,한국
P009207,침반역,,한국
P009208,침산거사,,한국
P009209,카네미츠 켄이치,음악가,한국
P009210,카도와키 신로,미술가,일본
P009211,카스카와 에이이치,음악가,한국
P009212,카프,,한국
P009213,칸바라 타이,미술가,일본
P009214,칼힘,문인,한국
P009215,커트 셀리그만,미술가,기타
P009216,코가 하루에,미술가,일본
P009217,코노 소,미술가,일본
P009218,코우게이엔,음악가,한국
P009219,쿠쓰,,한국
P009220,크레인,,한국
P009221,큰샘,문인,한국
P009222,키노시타 슈이치로,미술가,일본
P009223,키슬링,미술가,기타
P009224,키카와 카츠오,음악가,한국
P009225,타나베 이타루,미술가,일본
P009226,타루이 요시오,미술가,일본
P009227,타산인,문인,한국
P009228,타생,,한국
P009229,탁,문인,한국
P009230,탁병순,,한국
P009231,탁사생,,한국
P009232,탁상주,문인,한국
P009233,탁시견,문인,한국
P009234,탁시연,문인,한국
P009235,탁안석,문인,한국
P009236,탁운,문인,한국
P009237,탁일,,한국
P009238,탁조륜,,한국
P009239,탁창덕,문인,한국
P009240,탁철,,한국
P009241,탄영,문인,한국
P009242,탄혈,문인,한국
P009243,탐굴학인,문인,한국
P009244,탐보군,,한국
P009245,탑원정사주인,문인,한국
P009246,탕지동인,,한국
P009247,태,문인,한국
P009248,태경,문인,한국
P009249,태백광한,문인,한국
P009250,태백산인,문인,한국
P009251,태봉,문인,한국
P009252,태봉산인,문인,한국
P009253,태산,,한국
P009254,태선,문인,한국
P009255,태수,문인,한국
P009256,태숙,,한국
P009257,태순,문인,한국
P009258,태시생,문인,한국
P009259,태양아,문인,한국
P009260,태연,문인,한국
P009261,태영,문인,한국
P009262,태영선,문인,한국
P009263,태우,,한국
P009264,태우팔,,한국
P009265,태운,문인,한국
P009266,태전수수,문인,한국
P009267,태정,문인,한국
P009268,태정옥,문인,한국
P009269,태준,문인,한국
P009270,태준역,연극인,한국
P009271,태준외,,한국
P009272,태택성,문인,한국
P009273,태평가인,,한국
P009274,태평양어부,문인,한국
P009275,태한,,한국
P009276,태허,,한국
P009277,태허자,문인,한국
P009278,태허학인,,한국
P009279,태헌,문인,한국
P009280,태호,문인,한국
P009281,태화강어자,문인,한국
P009282,태화산인,문인,한국
P009283,태환역,문인,한국
P009284,태흡,문인,한국
P009285,태희,문인,한국
P009286,택규,,한국
P009287,택출,문인,한국
P009288,텬강,,한국
P009289,텬국촌부,,한국
P009290,텬연자,,한국
P009291,토룡,문인,한국
P009292,토우,문인,한국
P009293,톡기,,한국
P009294,통분생,,한국
P009295,통영독자,,한국
P009296,통영정원부,문인,한국
P009297,퇴경권상,,한국
P009298,퇴경상,,한국
P009299,퉁부처,문인,한국
P009300,특백생,,한국
P009301,특파기자,,한국
P009302,파,문인,한국
P009303,파랑새,문인,한국
P009304,파리,문인,한국
P009305,파봉,문인,한국
P009306,파사,문인,한국
P009307,파생,,한국
P009308,파영생,,한국
P009309,파예촌,문인,한국
P009310,파운,,한국
P009311,파이론,문인,한국
P009312,파채,문인,한국
P009313,파촌,문인,한국
P009314,판사,,한국
P009315,판서팔랑,,한국
P009316,판순,문인,한국
P009317,팔각정도령,문인,한국
P009318,팔극기,,한국
P009319,팔대수,,한국
P009320,팔련화,,한국
P009321,팔방자,,한국
P009322,팔보,,한국
P009323,팔봉생,,한국
P009324,팔소,문인,한국
P009325,패강망인,문인,한국
P009326,패관,문인,한국
P009327,패덕,,한국
P009328,패부자,,한국
P009329,패상인,문인,한국
P009330,패성객,,한국
P009331,펠톤,,한국
P009332,편사조,문인,한국
P009333,편엽,문인,한국
P009334,편운,문인,한국
P009335,편운생,문인,한국
P009336,편월,문인,한국
P009337,편파월,문인,한국
P009338,편홍기,문인,한국
P009339,평,문인,한국
P009340,평강소강산선전회기,,한국
P009341,평구,문인,한국
P009342,평림부,,한국
P009343,평산,문인,한국
P009344,평산현자,,한국
P009345,평생,,한국
P009346,평신도,,한국
P009347,평심,문인,한국
P009348,평양빛,문인,한국
P009349,평양새글회,문인,한국
P009350,평주,문인,한국
P009351,포,문인,한국
P009352,포도원농부역,,한국
P009353,포사,,한국
P009354,포샤,,한국
P009355,포영,문인,한국
P009356,포영역,문인,한국
P009357,포우,,한국
P009358,포을,문인,한국
P009359,포인,문인,한국
P009360,포자,문인,한국
P009361,포허,문인,한국
P009362,폭소생,문인,한국
P009363,표기산,문인,한국
P009364,표랑생,문인,한국
P009365,표랑소년,문인,한국
P009366,표문화,문인,한국
P009367,표박생,,한국
P009368,표운성,,한국
P009369,표태인,문인,한국
P009370,표토인,문인,한국
P009371,풍,문인,한국
P009372,풍고,문인,한국
P009373,풍곡,문인,한국
P009374,풍곡도인,,한국
P009375,풍구,문인,한국
P009376,풍년년,,한국
P009377,풍랑,,한국
P009378,풍류랑,문인,한국
P009379,풍류산인,,한국
P009380,풍류생,,한국
P009381,풍문생,,한국
P009382,풍백,,한국
P009383,풍석,문인,한국
P009384,풍엽,문인,한국
P009385,풍원정번,,한국
P009386,풍월루주인,,한국
P009387,풍천거사,,한국
P009388,풍천숙재,,한국
P009389,풍천조,,한국
P009390,풍패향인,문인,한국
P009391,피,문인,한국
P009392,피박고인,문인,한국
P009393,피상봉,문인,한국
P009394,피안탑,문인,한국
P009395,피천득,문인,한국
P009396,피카소,미술가,기타
P009397,피피,문인,한국
P009398,필련,문인,한국
P009399,필문,문인,한국
P009400,필봉,문인,한국
P009401,필성,문인,한국
P009402,필수,,한국
P009403,필순,문인,한국
P009404,필우,,한국
P009405,필운동인,,한국
P009406,필재,문인,한국
P009407,필하,,한국
P009408,하,문인,한국
P009409,하가 세이이치로,미술가,일본
P009410,하건완,,한국
P009411,하관,,한국
P009412,하금인,,한국
P009413,하나와 긴고,미술가,일본
P009414,하도다,문인,한국
P009415,하동소,문인,한국
P009416,하동인,,한국
P009417,하라 히로무,미술가,일본
P009418,하라 히카루,음악가,한국
P009419,하라츠카 운이치,미술가,일본
P009420,하리영,,한국
P009421,하마노 나가마사,미술가,일본
P009422,하마토쿠 다로,미술가,일본
P009423,하문호,,한국
P009424,하미리,,한국
P009425,하민호,,한국
P009426,하백암,,한국
P009427,하봉,문인,한국
P009428,하산인,문인,한국
P009429,하섬,,한국
P009430,하섭,문인,한국
P009431,하세가와 사브로,미술가,일본
P009432,하송희,문인,한국
P009433,하심자,문인,한국
P009434,하심재,문인,한국
P009435,하심재인,문인,한국
P009436,하야랑,,한국
P009437,하야시 켄이치,문인,일본
P009438,하영,문인,한국
P009439,하영월,문인,한국
P009440,하오동인,문인,한국
P009441,하요셉,,한국
P009442,하우용,문인,한국
P009443,하원윤,문인,한국
P009444,하은택,문인,한국
P009445,하인,문인,한국
P009446,하일공,,한국
P009447,하정호,,한국
P009448,하제을,,한국
P009449,하종호,미술가,한국
P009450,하중모,문인,한국
P009451,하채홍,,한국
P009452,하청,,한국
P009453,하청원,문인,한국
P009454,하포인,,한국
P009455,하한주,문인,한국
P009456,하해룡,문인,한국
P009457,학,문인,한국
P009458,학고,문인,한국
P009459,학구,문인,한국
P009460,학근,,한국
P009461,학녕,문인,한국
P009462,학돈,문인,한국
P009463,학득,문인,한국
P009464,학래,,한국
P009465,학린,문인,한국
P009466,학보생,문인,한국
P009467,학봉,,한국
P009468,학성,,한국
P009469,학송정,문인,한국
P009470,학수,문인,한국
P009471,학식,문인,한국
P009472,학암,문인,한국
P009473,학예부기자,,한국
P009474,학인,문인,한국
P009475,학중,문인,한국
P009476,학초희고,문인,한국
P009477,한,문인,한국
P009478,한간,문인,한국
P009479,한강,,한국
P009480,한강반거사,,한국
P009481,한강어한,,한국
P009482,한강유인,,한국
P009483,한격춘,문인,한국
P009484,한경상,문인,한국
P009485,한경석,운동가,한국
P009486,한경식,문인,한국
P009487,한경실,문인,한국
P009488,한경유,문인,한국
P009489,한계원,문인,한국
P009490,한고영,문인,한국
P009491,한관식,문인,한국
P009492,한광규,문인,한국
P009493,한광섭,문인,한국
P009494,한교연,문인,한국
P009495,한국모,문인,한국
P009496,한국종,,한국
P009497,한귀동녀,문인,한국
P009498,한규정,,한국
P009499,한금녀,문인,한국
P009500,한금희,,한국
P009501,한기승,문인,한국
P009502,한기악,운동가,한국
P009503,한기주,음악가,한국
P009504,한기형,문인,한국
P009505,한길,문인,한국
P009506,한길님,문인,한국
P009507,한꼿,,한국
P009508,한나무꾼,문인,한국
P009509,한남산,문인,한국
P009510,한남자,,한국
P009511,한내전,문인,한국
P009512,한늪,문인,한국
P009513,한다면,,한국
P009514,한단해,문인,한국
P009515,한담,문인,한국
P009516,한덕선,문인,한국
P009517,한도,문인,한국
P009518,한독소,,한국
P009519,한돌,,한국
P009520,한동석,,한국
P009521,한동욱,문인,한국
P009522,한동조,문인,한국
P009523,한동찬,문인,한국
P009524,한득수,연극인,한국
P009525,한등,문인,한국
P009526,한로단,,한국
P009527,한마,문인,한국
P009528,한마음,,한국
P009529,한무벽,,한국
P009530,한무숙,,한국
P009531,한묵,미술가,한국
P009532,한밧,문인,한국
P009533,한밭,,한국
P009534,한백곤,문인,한국
P009535,한백숙,문인,한국
P009536,한범파,문인,한국
P009537,한병각,문인,한국
P009538,한병교,,한국
P009539,한병순,문인,한국
P009540,한보운,,한국
P009541,한보혜,문인,한국
P009542,한복,,한국
P009543,한복손,문인,한국
P009544,한복자,,한국
P009545,한봉,문인,한국
P009546,한봉룡,문인,한국
P009547,한봉우,문인,한국
P009548,한봉주,,한국
P009549,한붕석,,한국
P009550,한빗,문인,한국
P009551,한빛,문인,한국
P009552,한사배,문인,한국
P009553,한사원,,한국
P009554,한산,문인,한국
P009555,한산거사,문인,한국
P009556,한산생,문인,한국
P009557,한삼순,문인,한국
P009558,한삼현,미술가,한국
P009559,한상,,한국
P009560,한상룡,,한국
P009561,한상린,미술가,한국
P009562,한상직,연극인,한국
P009563,한상진,문인,한국
P009564,한상후,문인,한국
P009565,한새,문인,한국
P009566,한생,,한국
P009567,한석,,한국
P009568,한석균,,한국
P009569,한석원,문인,한국
P009570,한석은,문인,한국
P009571,한석진,,한국
P009572,한선,,한국
P009573,한설야,문인,한국
P009574,한설파,연극인,한국
P009575,한성,,한국
P009576,한성수,,한국
P009577,한성준,,한국
P009578,한성학인,,한국
P009579,한세교,,한국
P009580,한소영,문인,한국
P009581,한소제,,한국
P009582,한송,문인,한국
P009583,한수남,문인,한국
P009584,한수룡,,한국
P009585,한수암,문인,한국
P009586,한수철,,한국
P009587,한수한,문인,한국
P009588,한순,,한국
P009589,한승,,한국
P009590,한승원,문인,한국
P009591,한승인,,한국
P009592,한식,문인,한국
P009593,한신경,문인,한국
P009594,한신호,문인,한국
P009595,한야,문인,한국
P009596,한양거사,,한국
P009597,한양과객,,한국
P009598,한양성인,,한국
P009599,한양학인,,한국
P009600,한양화랑,,한국
P009601,한영,문인,한국
P009602,한영경,문인,한국
P009603,한영동,문인,한국
P009604,한영수,문인,한국
P009605,한영연,문인,한국
P009606,한영자,문인,한국
P009607,한영진,,한국
P009608,한오,연극인,한국
P009609,한오영,,한국
P009610,한옥희,문인,한국
P009611,한용규,,한국
P009612,한용운,문인,한국
P009613,한용원,문인,한국
P009614,한용진,문인,한국
P009615,한우,문인,한국
P009616,한욱,문인,한국
P009617,한운,문인,한국
P009618,한운산,문인,한국
P009619,한원빈,연극인,한국
P009620,한유,문인,한국
P009621,한유선,,한국
P009622,한유순,문인,한국
P009623,한은진,,한국
P009624,한응,문인,한국
P009625,한익,,한국
P009626,한인수,문인,한국
P009627,한인택,문인,한국
P009628,한인하,음악가,한국
P009629,한인현,문인,한국
P009630,한일,문인,한국
P009631,한일동,문인,한국
P009632,한일송,,한국
P009633,한입,,한국
P009634,한장현,문인,한국
P009635,한재리,문인,한국
P009636,한재웅,,한국
P009637,한재은,문인,한국
P009638,한재철,문인,한국
P009639,한재호,문인,한국
P009640,한적봉,문인,한국
P009641,한적선,연극인,한국
P009642,한적선작,문인,한국
P009643,한정동,문인,한국
P009644,한정선,문인,한국
P009645,한정숙,,한국
P009646,한정옥,문인,한국
P009647,한정훈,문인,한국
P009648,한종순,,한국
P009649,한주현,문인,한국
P009650,한죽송,문인,한국
P009651,한준갑,문인,한국
P009652,한준범,,한국
P009653,한준석,,한국
P009654,한중근,미술가,한국
P009655,한중은,문인,한국
P009656,한지수,,한국
P009657,한직,문인,한국
P009658,한진옥,문인,한국
P009659,한진원,문인,한국
P009660,한진희,,한국
P009661,한창동,문인,한국
P009662,한창환,,한국
P009663,한철,문인,한국
P009664,한철도,문인,한국
P009665,한철식,,한국
P009666,한철호,,한국
P009667,한청,문인,한국
P009668,한촌,문인,한국
P009669,한춘,문인,한국
P009670,한춘혜,문인,한국
P009671,한충,문인,한국
P009672,한충화,,한국
P009673,한치진,문인,한국
P009674,한탁근,문인,한국
P009675,한탁호,문인,한국
P009676,한탄영,문인,한국
P009677,한태봉,문인,한국
P009678,한태석,문인,한국
P009679,한태수,문인,한국
P009680,한태일,배우,한국
P009681,한태주,,한국
P009682,한태천,문인,한국
P009683,한태현,문인,한국
P009684,한파령,문인,한국
P009685,한평,문인,한국
P009686,한해룡,문인,한국
P009687,한향준,문인,한국
P009688,한현상,,한국
P009689,한형모,문인,한국
P009690,한형주,,한국
P009691,한형택,문인,한국
P009692,한호연,문인,한국
P009693,한홍섭,문인,한국
P009694,한홍제,,한국
P009695,한홍택,미술가,한국
P009696,한효,문인,한국
P009697,한효창,,한국
P009698,한훈숙,문인,한국
P009699,한흑구,문인,한국
P009700,한흑구외,,한국
P009701,한흥교,문인,한국
P009702,한흥수,,한국
P009703,한희,문인,한국
P009704,한희곤,,한국
P009705,한희수,문인,한국
P009706,한힌샘,,한국
P009707,할빈,문인,한국
P009708,함과사,문인,한국
P009709,함광석,문인,한국
P009710,함극광,,한국
P009711,함대훈,연극인,한국
P009712,함대훈문,문인,한국
P009713,함덕,연극인,한국
P009714,함범,,한국
P009715,함벽루,문인,한국
P009716,함봉,,한국
P009717,함봉필,문인,한국
P009718,함산생,,한국
P009719,함산야인,문인,한국
P009720,함상훈,,한국
P009721,함석태,의사,한국
P009722,함석헌,문인,한국
P009723,함석헌역,문인,한국
P009724,함세덕,연극인,한국
P009725,함세희,문인,한국
P009726,함순기,문인,한국
P009727,함순보,,한국
P009728,함영기,문인,한국
P009729,함우강,문인,한국
P009730,함윤성,문인,한국
P009731,함윤수,문인,한국
P009732,함인기,,한국
P009733,함일돈,문인,한국
P009734,함일보,문인,한국
P009735,함일사,문인,한국
P009736,함진원,문인,한국
P009737,함처식,문인,한국
P009738,함철민,문인,한국
P009739,함춘원인,문인,한국
P009740,함춘파,,한국
P009741,함춘하,문인,한국
P009742,함허당,,한국
P009743,함형수,문인,한국
P009744,함화진,음악가,한국
P009745,함효영,문인,한국
P009746,합희력,,한국
P009747,핫토리 아리쯔네,학자,일본
P009748,핫토리 요시후미,미술가,일본
P009749,항인,,한국
P009750,항제,문인,한국
P009751,해,문인,한국
P009752,해객,문인,한국
P009753,해관,문인,한국
P009754,해광,,한국
P009755,해동공자,,한국
P009756,해동산인,,한국
P009757,해동초인최찬식,,한국
P009758,해랑,,한국
P009759,해리,,한국
P009760,해림,문인,한국
P009761,해목,문인,한국
P009762,해몽생,문인,한국
P009763,해문,문인,한국
P009764,해백합,문인,한국
P009765,해보,,한국
P009766,해산,,한국
P009767,해상거인,문인,한국
P009768,해섭,문인,한국
P009769,해성산인,,한국
P009770,해소,문인,한국
P009771,해소생,문인,한국
P009772,해송,,한국
P009773,해송학인,,한국
P009774,해수,문인,한국
P009775,해아,연극인,한국
P009776,해앵,,한국
P009777,해야공,,한국
P009778,해영,,한국
P009779,해웅,,한국
P009780,해원거사,문인,한국
P009781,해원번,문인,한국
P009782,해월,문인,한국
P009783,해인,,한국
P009784,해인사조지승,문인,한국
P009785,해인역,문인,한국
P009786,해조,문인,한국
P009787,해차생,,한국
P009788,해창,문인,한국
P009789,해초,문인,한국
P009790,해파,문인,한국
P009791,해팔백,문인,한국
P009792,행거,문인,한국
P009793,행정인,,한국
P009794,행촌동인,문인,한국
P009795,행해학,,한국
P009796,행행자,문인,한국
P009797,행화정인,문인,한국
P009798,향,문인,한국
P009799,향구자,,한국
P009800,향동,문인,한국
P009801,향민생,,한국
P009802,향산거사,,한국
P009803,향산삼랑,문인,한국
P009804,향안자,,한국
P009805,향엽,문인,한국
P009806,향월,문인,한국
P009807,향천,문인,한국
P009808,향천상각,,한국
P009809,향촌,,한국
P009810,향촌훈,문인,한국
P009811,허,,한국
P009812,허광연,,한국
P009813,허구,문인,한국
P009814,허기홍,문인,한국
P009815,허남,문인,한국
P009816,허대일,,한국
P009817,허도,문인,한국
P009818,허동심,문인,한국
P009819,허만,문인,한국
P009820,허문,,한국
P009821,허문일,문인,한국
P009822,허문형,,한국
P009823,허민,문인,한국
P009824,허보,문인,한국
P009825,허복,문인,한국
P009826,허봉낙,문인,한국
P009827,허봉락,문인,한국
P009828,허북인,문인,한국
P009829,허빈생,문인,한국
P009830,허산곡인,문인,한국
P009831,허삼봉,문인,한국
P009832,허생,문인,한국
P009833,허석,문인,한국
P009834,허소석,문인,한국
P009835,허수만,문인,한국
P009836,허슈만,문인,한국
P009837,허심,,한국
P009838,허심생,문인,한국
P009839,허연,문인,한국
P009840,허영,,한국
P009841,허영만,문인,한국
P009842,허영숙,문인,한국
P009843,허영순,,한국
P009844,허영호,문인,한국
P009845,허우,,한국
P009846,허월파,문인,한국
P009847,허위,문인,한국
P009848,허윤석,문인,한국
P009849,허익,문인,한국
P009850,허인,문인,한국
P009851,허일,,한국
P009852,허정,,한국
P009853,허정숙,문인,한국
P009854,허종,문인,한국
P009855,허죽재,문인,한국
P009856,허준,문인,한국
P009857,허준국,문인,한국
P009858,허증수,문인,한국
P009859,허진,문인,한국
P009860,허진호,문인,한국
P009861,허차석,문인,한국
P009862,허찬구,문인,한국
P009863,허천,,한국
P009864,허천생,문인,한국
P009865,허태구,문인,한국
P009866,허태준,,한국
P009867,허풍,문인,한국
P009868,허하백,,한국
P009869,허해,문인,한국
P009870,허허자,,한국
P009871,허헌,문인,한국
P009872,허홍,문인,한국
P009873,헌,문인,한국
P009874,헌구,문인,한국
P009875,헌령,,한국
P009876,헌수,,한국
P009877,헌용,,한국
P009878,헤도,,한국
P009879,헤레나,,한국
P009880,헤르미나,문인,한국
P009881,헤성,문인,한국
P009882,헤셩,문인,한국
P009883,혁,문인,한국
P009884,혁경,,한국
P009885,현,문인,한국
P009886,현경,,한국
P009887,현경준,문인,한국
P009888,현공,문인,한국
P009889,현공렴,문인,한국
P009890,현구건,문인,한국
P009891,현극,문인,한국
P009892,현극야,문인,한국
P009893,현덕,문인,한국
P009894,현덕작,문인,한국
P009895,현동염,문인,한국
P009896,현동완,,한국
P009897,현동주,,한국
P009898,현득영,,한국
P009899,현란사,문인,한국
P009900,현린,,한국
P009901,현명섭,문인,한국
P009902,현보,문인,한국
P009903,현봉희,문인,한국
P009904,현부진,문인,한국
P009905,현빙허,문인,한국
P009906,현삼석,문인,한국
P009907,현상백,문인,한국
P009908,현상윤,학자,한국
P009909,현성,문인,한국
P009910,현성환,문인,한국
P009911,현소성,,한국
P009912,현송,문인,한국
P009913,현수,문인,한국
P009914,현수경,문인,한국
P009915,현수길,문인,한국
P009916,현수재,,한국
P009917,현숙,문인,한국
P009918,현순,문인,한국
P009919,현식,,한국
P009920,현애인,,한국
P009921,현연,문인,한국
P009922,현영섭,문인,한국
P009923,현영수,문인,한국
P009924,현영해,문인,한국
P009925,현옥,,한국
P009926,현우,,한국
P009927,현욱,,한국
P009928,현운사,문인,한국
P009929,현원겸,,한국
P009930,현월역,문인,한국
P009931,현윤,,한국
P009932,현인,문인,한국
P009933,현인규,,한국
P009934,현재,문인,한국
P009935,현정섭,,한국
P009936,현정주,,한국
P009937,현제,,한국
P009938,현제명,음악가,한국
P009939,현종이,,한국
P009940,현좌건,문인,한국
P009941,현주,문인,한국
P009942,현주역,문인,한국
P009943,현준,문인,한국
P009944,현진,문인,한국
P009945,현진건,문인,한국
P009946,현진건역,문인,한국
P009947,현창수,문인,한국
P009948,현채,문인,한국
P009949,현철,문인,한국
P009950,현초,문인,한국
P009951,현촌,문인,한국
P009952,현쵸아우,,한국
P009953,현치수,문인,한국
P009954,현태,,한국
P009955,현택,문인,한국
P009956,현파,,한국
P009957,현파생,,한국
P009958,현파성,,한국
P009959,현포,문인,한국
P009960,현풍,문인,한국
P009961,현하정,,한국
P009962,현행묵,,한국
P009963,현향준,,한국
P009964,현훈,,한국
P009965,혈아,문인,한국
P009966,혈탄,문인,한국
P009967,혈해,문인,한국
P009968,형교,문인,한국
P009969,형기,문인,한국
P009970,형량역,문인,한국
P009971,형민,문인,한국
P009972,형숙,,한국
P009973,형순,문인,한국
P009974,형우,문인,한국
P009975,형우생,문인,한국
P009976,형윤,,한국
P009977,형윤역,문인,한국
P009978,형지인,,한국
P009979,형진,문인,한국
P009980,형타,연극인,한국
P009981,형필,문인,한국
P009982,혜,문인,한국
P009983,혜경,문인,한국
P009984,혜당,문인,한국
P009985,혜명생,,한국
P009986,혜석,문인,한국
P009987,혜성,문인,한국
P009988,혜성생,문인,한국
P009989,혜순,문인,한국
P009990,혜신,,한국
P009991,혜영,문인,한국
P009992,혜춘,문인,한국
P009993,혜황,문인,한국
P009994,호,문인,한국
P009995,호건파,문인,한국
P009996,호관,문인,한국
P009997,호관산인,문인,한국
P009998,호근,문인,한국
P009999,호기생,문인,한국
P010000,호낭,문인,한국
P010001,호리구치 스테미,미술가,일본
P010002,호무라 병류,음악가,한국
P010003,호봉,문인,한국
P010004,호산거사,문인,한국
P010005,호상,문인,한국
P010006,호상거인,,한국
P010007,호상몽인,,한국
P010008,호성생,,한국
P010009,호성원,문인,한국
P010010,호순,문인,한국
P010011,호승택,,한국
P010012,호시카와 테츠조,음악가,한국
P010013,호암생,,한국
P010014,호암인,문인,한국
P010015,호연정,문인,한국
P010016,호영,문인,한국
P010017,호외생,문인,한국
P010018,호인,문인,한국
P010019,호적,,한국
P010020,호정,문인,한국
P010021,호정인,,한국
P010022,호제광,문인,한국
P010023,호주사,,한국
P010024,호주인,문인,한국
P010025,호진,연극인,한국
P010026,호천,문인,한국
P010027,호탕아,,한국
P010028,호하산인,문인,한국
P010029,호한인,,한국
P010030,호형아,문인,한국
P010031,호호인,문인,한국
P010032,혹인,,한국
P010033,혼성,,한국
P010034,혼파,문인,한국
P010035,홍,문인,한국
P010036,홍가은,,한국
P010037,홍건의,문인,한국
P010038,홍경모,,한국
P010039,홍고혼,문인,한국
P010040,홍관,문인,한국
P010041,홍광녀,,한국
P010042,홍광해,문인,한국
P010043,홍군표,,한국
P010044,홍근,,한국
P010045,홍기,문인,한국
P010046,홍기문,문인,한국
P010047,홍기원,,한국
P010048,홍기자,문인,한국
P010049,홍기조,,한국
P010050,홍기주,,한국
P010051,홍길호,문인,한국
P010052,홍난파,음악가,한국
P010053,홍남,문인,한국
P010054,홍답회,연극인,한국
P010055,홍대식,문인,한국
P010056,홍도,,한국
P010057,홍도일,문인,한국
P010058,홍동영,문인,한국
P010059,홍동초,문인,한국
P010060,홍두병,,한국
P010061,홍두표,문인,한국
P010062,홍득순,미술가,한국
P010063,홍란파,,한국
P010064,홍로,,한국
P010065,홍로작,문인,한국
P010066,홍류각주인,문인,한국
P010067,홍림,문인,한국
P010068,홍마리,,한국
P010069,홍만섭,,한국
P010070,홍만연,문인,한국
P010071,홍명길,,한국
P010072,홍명주,,한국
P010073,홍명희,문인,한국
P010074,홍명희역,문인,한국
P010075,홍목,문인,한국
P010076,홍목번,문인,한국
P010077,홍목춘,문인,한국
P010078,홍문,,한국
P010079,홍백람,문인,한국
P010080,홍범,,한국
P010081,홍벽초,,한국
P010082,홍병기,,한국
P010083,홍병덕,,한국
P010084,홍병삼,,한국
P010085,홍병선,문인,한국
P010086,홍병일,문인,한국
P010087,홍복유,,한국
P010088,홍봉운,문인,한국
P010089,홍봉의,문인,한국
P010090,홍봉제,문인,한국
P010091,홍북원,문인,한국
P010092,홍사,문인,한국
P010093,홍사용,문인,한국
P010094,홍생,문인,한국
P010095,홍석,문인,한국
P010096,홍석동,문인,한국
P010097,홍석주,,한국
P010098,홍석초,문인,한국
P010099,홍석후,,한국
P010100,홍선균,,한국
P010101,홍선표,문인,한국
P010102,홍성두,음악가,한국
P010103,홍성복,,한국
P010104,홍성약,문인,한국
P010105,홍성유,음악가,한국
P010106,홍성하,,한국
P010107,홍성한,,한국
P010108,홍성호,문인,한국
P010109,홍세환,,한국
P010110,홍수동인,문인,한국
P010111,홍수산인,,한국
P010112,홍순,,한국
P010113,홍순경,문인,한국
P010114,홍순덕,,한국
P010115,홍순만,문인,한국
P010116,홍순만장,,한국
P010117,홍순명,문인,한국
P010118,홍순옥,문인,한국
P010119,홍순원,문인,한국
P010120,홍순익,문인,한국
P010121,홍순중,문인,한국
P010122,홍순진,,한국
P010123,홍순철,문인,한국
P010124,홍순혁,문인,한국
P010125,홍슌옥,문인,한국
P010126,홍승,문인,한국
P010127,홍승구,문인,한국
P010128,홍승균,,한국
P010129,홍승기,문인,한국
P010130,홍승원,,한국
P010131,홍시일,,한국
P010132,홍신후,,한국
P010133,홍양명,문인,한국
P010134,홍에스더,문인,한국
P010135,홍영순,,한국
P010136,홍영의,문인,한국
P010137,홍영표,문인,한국
P010138,홍옥임,문인,한국
P010139,홍옥임개작,문인,한국
P010140,홍옥정,문인,한국
P010141,홍우만,,한국
P010142,홍우백,,한국
P010143,홍우석,문인,한국
P010144,홍운봉,문인,한국
P010145,홍원국,문인,한국
P010146,홍원희,문인,한국
P010147,홍유객,문인,한국
P010148,홍윤식,문인,한국
P010149,홍은,문인,한국
P010150,홍은순,문인,한국
P010151,홍은표,문인,한국
P010152,홍은표홍종린,문인,한국
P010153,홍의동자,문인,한국
P010154,홍이섭,학자,한국
P010155,홍익,문인,한국
P010156,홍익범,,한국
P010157,홍인,,한국
P010158,홍인기,미술가,한국
P010159,홍인덕,문인,한국
P010160,홍인집,,한국
P010161,홍일성,,한국
P010162,홍일작,,한국
P010163,홍일창,,한국
P010164,홍일표,미술가,한국
P010165,홍임표,문인,한국
P010166,홍작,문인,한국
P010167,홍재범,문인,한국
P010168,홍재선,문인,한국
P010169,홍재식,,한국
P010170,홍재옥,문인,한국
P010171,홍적,문인,한국
P010172,홍정,,한국
P010173,홍정순,,한국
P010174,홍정철,문인,한국
P010175,홍정훈,문인,한국
P010176,홍종,,한국
P010177,홍종린,문인,한국
P010178,홍종만,,한국
P010179,홍종명,미술가,한국
P010180,홍종인,언론인,한국
P010181,홍종인문,문인,한국
P010182,홍주,,한국
P010183,홍주유,문인,한국
P010184,홍준,문인,한국
P010185,홍준상,문인,한국
P010186,홍직,,한국
P010187,홍진복,문인,한국
P010188,홍찬,,한국
P010189,홍천길,,한국
P010190,홍천인,문인,한국
P010191,홍초,문인,한국
P010192,홍촌라생,문인,한국
P010193,홍춘,문인,한국
P010194,홍춘호,문인,한국
P010195,홍탁세,,한국
P010196,홍태유,문인,한국
P010197,홍택,연극인,한국
P010198,홍파,문인,한국
P010199,홍파거사,문인,한국
P010200,홍파란,문인,한국
P010201,홍포인,문인,한국
P010202,홍표,문인,한국
P010203,홍하,문인,한국
P010204,홍하청,,한국
P010205,홍해섭,문인,한국
P010206,홍해성,연극인,한국
P010207,홍해은,문인,한국
P010208,홍형의,운동가,한국
P010209,홍혜도,,한국
P010210,홍호,문인,한국
P010211,홍홍준,문인,한국
P010212,홍효민,문인,한국
P010213,홍희,,한국
P010214,홍희당,문인,한국
P010215,홍희자,,한국
P010216,화,문인,한국
P010217,화가생,,한국
P010218,화강생,문인,한국
P010219,화강석,문인,한국
P010220,화검생,문인,한국
P010221,화관,문인,한국
P010222,화남인,,한국
P010223,화당학인,,한국
P010224,화룡,문인,한국
P010225,화류작,,한국
P010226,화사한인,,한국
P010227,화산,문인,한국
P010228,화산월,문인,한국
P010229,화산인,문인,한국
P010230,화삼,,한국
P010231,화생,문인,한국
P010232,화석생,문인,한국
P010233,화섭,문인,한국
P010234,화성,문인,한국
P010235,화성생,문인,한국
P010236,화영,연극인,한국
P010237,화용,문인,한국
P010238,화은,문인,한국
P010239,화중선,,한국
P010240,화천,문인,한국
P010241,화촌,문인,한국
P010242,화홍,문인,한국
P010243,환,,한국
P010244,환암,문인,한국
P010245,환암생,,한국
P010246,환웅,문인,한국
P010247,환풍,문인,한국
P010248,활,,한국
P010249,활민,문인,한국
P010250,활빈,문인,한국
P010251,활생,문인,한국
P010252,활인동인,,한국
P010253,황,문인,한국
P010254,황갑수,문인,한국
P010255,황경수,문인,한국
P010256,황경애,,한국
P010257,황경환,문인,한국
P010258,황광,문인,한국
P010259,황광호,문인,한국
P010260,황국주,문인,한국
P010261,황귀애,,한국
P010262,황규현,문인,한국
P010263,황금심,,한국
P010264,황기수,,한국
P010265,황남수,미술가,한국
P010266,황덕출,문인,한국
P010267,황락인,미술가,한국
P010268,황렬,문인,한국
P010269,황렴수,미술가,한국
P010270,황만식,문인,한국
P010271,황명엽,문인,한국
P010272,황명희,문인,한국
P010273,황문평,문인,한국
P010274,황문호,미술가,한국
P010275,황민,문인,한국
P010276,황백영,문인,한국
P010277,황병혁,,한국
P010278,황보길,,한국
P010279,황복호,문인,한국
P010280,황산자,문인,한국
P010281,황산작,,한국
P010282,황석,문인,한국
P010283,황석우,문인,한국
P010284,황선덕,,한국
P010285,황선생,문인,한국
P010286,황설봉,문인,한국
P010287,황성수,문인,한국
P010288,황세관,문인,한국
P010289,황수,문인,한국
P010290,황순건,문인,한국
P010291,황순원,문인,한국
P010292,황술조,미술가,한국
P010293,황승봉,,한국
P010294,황승성,문인,한국
P010295,황시목,,한국
P010296,황신덕,,한국
P010297,황애덕,,한국
P010298,황애시덕,,한국
P010299,황업주,,한국
P010300,황영진,,한국
P010301,황영호,연극인,한국
P010302,황오,문인,한국
P010303,황우,문인,한국
P010304,황욱,,한국
P010305,황원,문인,한국
P010306,황유일,문인,한국
P010307,황윤섭,문인,한국
P010308,황윤성,,한국
P010309,황을수,,한국
P010310,황응,,한국
P010311,황의돈,학자,한국
P010312,황인국,,한국
P010313,황일,,한국
P010314,황재건,문인,한국
P010315,황재국,,한국
P010316,황재시,문인,한국
P010317,황정봉,문인,한국
P010318,황정익,문인,한국
P010319,황제인,,한국
P010320,황제화,문인,한국
P010321,황종,문인,한국
P010322,황주,,한국
P010323,황주선,문인,한국
P010324,황준,,한국
P010325,황진,,한국
P010326,황천수,문인,한국
P010327,황철,,한국
P010328,황철성,문인,한국
P010329,황철암,문인,한국
P010330,황철주,문인,한국
P010331,황치석,,한국
P010332,황태익,,한국
P010333,황파,문인,한국
P010334,황포강인,,한국
P010335,황포견,문인,한국
P010336,황포명,문인,한국
P010337,황하식,,한국
P010338,황하청,문인,한국
P010339,황하학인,,한국
P010340,황학루인,,한국
P010341,황해문,문인,한국
P010342,황해빈인,문인,한국
P010343,황헌영,미술가,한국
P010344,황호기,,한국
P010345,황혼생,문인,한국
P010346,황활석,문인,한국
P010347,황후,문인,한국
P010348,황훈,문인,한국
P010349,황희돈,,한국
P010350,회,문인,한국
P010351,회고생,문인,한국
P010352,회복,,한국
P010353,회산,문인,한국
P010354,회성,,한국
P010355,회유식,,한국
P010356,회홍,문인,한국
P010357,횡수자,,한국
P010358,효,문인,한국
P010359,효관,문인,한국
P010360,효로,문인,한국
P010361,효민,문인,한국
P010362,효민생,,한국
P010363,효상,문인,한국
P010364,효석역,문인,한국
P010365,효선,문인,한국
P010366,효설,,한국
P010367,효성,문인,한국
P010368,효성생,문인,한국
P010369,효숙,,한국
P010370,효식,,한국
P010371,효원,문인,한국
P010372,효정,,한국
P010373,효조사,,한국
P010374,효종생,,한국
P010375,효준,문인,한국
P010376,효철,문인,한국
P010377,후이지모토 진페,미술가,일본
P010378,후인,문인,한국
P010379,후지대좌담,문인,한국
P010380,후지사와 다쯔오,미술가,일본
P010381,후지시마 다케지,미술가,일본
P010382,후지이 다츠키치,미술가,일본
P010383,후지타 사토시,미술가,일본
P010384,후지타 츠구하루,미술가,일본
P010385,후쿠자와 이치로,미술가,일본
P010386,후쿠지 겐치,미술가,일본
P010387,훈,문인,한국
P010388,훈구,,한국
P010389,훈덕,문인,한국
P010390,훈외,,한국
P010391,훈철,문인,한국
P010392,휘창,문인,한국
P010393,휴암생,문인,한국
P010394,흑발인,,한국
P010395,흑성,문인,한국
P010396,흑양복학도,,한국
P010397,흑진주,,한국
P010398,흡,문인,한국
P010399,흥기,문인,한국
P010400,흥남,문인,한국
P010401,흥섭,문인,한국
P010402,흥수,문인,한국
P010403,흥순,,한국
P010404,흥식,,한국
P010405,흥종,문인,한국
P010406,흥태,,한국
P010407,흥화학교,문인,한국
P010408,희,문인,한국
P010409,희각,문인,한국
P010410,희균,문인,한국
P010411,희동,,한국
P010412,희망성,문인,한국
P010413,희망아,문인,한국
P010414,희붉이,문인,한국
P010415,희석,,한국
P010416,희성,문인,한국
P010417,희승,문인,한국
P010418,희양,문인,한국
P010419,희영,,한국
P010420,희요,문인,한국
P010421,희인,문인,한국
P010422,희종,,한국
P010423,희준,문인,한국
P010424,희중,문인,한국
P010425,희증,문인,한국
P010426,희철,문인,한국
P010427,흰꽃,문인,한국
P010428,흰물,문인,한국
P010429,흰빛,문인,한국
P010430,흰옷,문인,한국
P010431,히라노 요시타로,학자,일본
P010432,히라야마 아키히토,음악가,한국
P010433,히라야마 준켄,음악가,한국
P010434,히라이 테루시치,미술가,일본
P010435,히라후쿠 햐쿠스이,미술가,일본
P010436,히지카타 요시,미술가,일본
P010437,힌기린,문인,한국
P010438,힌별,문인,한국
P010439,힌새,문인,한국
P010440,힌솔,문인,한국
